items_title,items_dcCreator,items_dataProvider,items_type,items_country,items_id,items_edmTimespanLabelLangAware_def,items_edmPreview
Alpinia zerumbet (Pers.) B.L.Burtt & R.M.Sm.,,Naturalis Biodiversity Center,IMAGE,netherlands,/11648/_Botany_L_1467997,-1,https://www.europeana.eu/api/v2/thumbnail-by-url.json?uri=http%3A%2F%2Fmedialib.naturalis.nl%2Ffile%2Fid%2FL.1467997%2Fformat%2Flarge&size=LARGE&type=IMAGE
Mona Lisa,,Bildarchiv Foto Marburg,IMAGE,germany,/2064137/Museu_ProvidedCHO_Bildarchiv_Foto_Marburg_obj20212216,-1,https://www.europeana.eu/api/v2/thumbnail-by-url.json?uri=http%3A%2F%2Fwww.bildindex.de%2Fbilder%2Fd%2Ffmb22291_34&size=LARGE&type=IMAGE
La Joconde / Gioconda / Mona Lisa,,Bildarchiv Foto Marburg,IMAGE,germany,/2064137/Museu_ProvidedCHO_Bildarchiv_Foto_Marburg_obj00076417,-1,https://www.europeana.eu/api/v2/thumbnail-by-url.json?uri=http%3A%2F%2Fwww.bildindex.de%2Fbilder%2Fd%2Ffmc660792&size=LARGE&type=IMAGE
Osvald Helmuth dressed as Mona Lisa. Osvald Helmuth udklædt som Mona Lisa SERIES TITLE: ,,DR,VIDEO,europe,/2051943/EUS_B3E1D61310B74CE3A627A244861F78CE,20..,https://www.europeana.eu/api/v2/thumbnail-by-url.json?uri=http%3A%2F%2Fimages3.noterik.com%2Fdomain%2Feuscreenxl%2Fuser%2Feu_dr%2Fvideo%2FEUS_B3E1D61310B74CE3A627A244861F78CE%2Fimage.jpg&size=LARGE&type=VIDEO
Dagens Tegning,"Juhl, Mogens (1927-1982) bladtegner",The Royal Library: The National Library of Denmark and Copenhagen University Library,IMAGE,denmark,/92023/images_billed_2010_okt_billeder_object375364,-1,https://www.europeana.eu/api/v2/thumbnail-by-url.json?uri=http%3A%2F%2Fkb-images.kb.dk%2FDAMJP2%2Fonline_master_arkiv_3%2Fnon-archival%2FImages%2FBLADTE%2Fmogens_juhl%2Fdb_mogens_juhl_00006%2Ffull%2Ffull%2F0%2Fnative.jpg&size=LARGE&type=IMAGE
Stjaalet anden Gang,"Møller, Valdemar (1885-1947) bladtegner",The Royal Library: The National Library of Denmark and Copenhagen University Library,IMAGE,denmark,/92023/images_billed_2010_okt_billeder_object370023,-1,https://www.europeana.eu/api/v2/thumbnail-by-url.json?uri=http%3A%2F%2Fkb-images.kb.dk%2FDAMJP2%2Fonline_master_arkiv_3%2Fnon-archival%2FImages%2FBLADTE%2Fvaldemar_moller%2Fdb_valdemar_moller_69%2Fdb_valdemar_moller_01377%2Ffull%2Ffull%2F0%2Fnative.jpg&size=LARGE&type=IMAGE
Mona Lisa,"Poulsen, Poul Erik (1935-2013) bladtegner",The Royal Library: The National Library of Denmark and Copenhagen University Library,IMAGE,denmark,/92023/images_billed_2010_okt_billeder_object366120,1978,https://www.europeana.eu/api/v2/thumbnail-by-url.json?uri=http%3A%2F%2Fkb-images.kb.dk%2FDAMJP2%2Fonline_master_arkiv_3%2Fnon-archival%2FImages%2FBLADTE%2Fpoul_erik_poulsen%2Fdb_poul_erik_poulsen_kasse_08%2Fdb_poul_erik_poulsen_00351%2Ffull%2Ffull%2F0%2Fnative.jpg&size=LARGE&type=IMAGE
Leonardo da Vinci,"Otzen, Per Marquard (f.1944) bladtegner",The Royal Library: The National Library of Denmark and Copenhagen University Library,IMAGE,denmark,/92023/images_billed_2010_okt_billeder_object355016,-1,https://www.europeana.eu/api/v2/thumbnail-by-url.json?uri=http%3A%2F%2Fkb-images.kb.dk%2FDAMJP2%2Fonline_master_arkiv_3%2Fnon-archival%2FImages%2FBLADTE%2Fper_marquard_otzen%2Fdb_per_marquard_otzen_00781%2Ffull%2Ffull%2F0%2Fnative.jpg&size=LARGE&type=IMAGE
Diplomatiets kunst,"Bojesen, Bo (1923-2006) bladtegner",The Royal Library: The National Library of Denmark and Copenhagen University Library,IMAGE,denmark,/92023/images_billed_2010_okt_billeder_object331995,-1,https://www.europeana.eu/api/v2/thumbnail-by-url.json?uri=http%3A%2F%2Fkb-images.kb.dk%2FDAMJP2%2Fonline_master_arkiv_7%2Fnon-archival%2FImages%2FBLADTE%2FBo_Bojesen%2Fdb_bo_bojesen_02813%2Ffull%2Ffull%2F0%2Fnative.jpg&size=LARGE&type=IMAGE
Verden gaar fremad,"Bojesen, Bo (1923-2006) bladtegner",The Royal Library: The National Library of Denmark and Copenhagen University Library,IMAGE,denmark,/92023/images_billed_2010_okt_billeder_object330026,-1,https://www.europeana.eu/api/v2/thumbnail-by-url.json?uri=http%3A%2F%2Fkb-images.kb.dk%2FDAMJP2%2Fonline_master_arkiv_6%2Fnon-archival%2FImages%2FBLADTE%2FBo_Bojesen%2Fdb_bo_bojesen_00764%2Ffull%2Ffull%2F0%2Fnative.jpg&size=LARGE&type=IMAGE
Bo Bojesen i Paris,"Bojesen, Bo (1923-2006) bladtegner",The Royal Library: The National Library of Denmark and Copenhagen University Library,IMAGE,denmark,/92023/images_billed_2010_okt_billeder_object329846,-1,https://www.europeana.eu/api/v2/thumbnail-by-url.json?uri=http%3A%2F%2Fkb-images.kb.dk%2FDAMJP2%2Fonline_master_arkiv_6%2Fnon-archival%2FImages%2FBLADTE%2FBo_Bojesen%2Fdb_bo_bojesen_00434%2Ffull%2Ffull%2F0%2Fnative.jpg&size=LARGE&type=IMAGE
Nyophængning i Louvre,"Bojesen, Bo (1923-2006) bladtegner",The Royal Library: The National Library of Denmark and Copenhagen University Library,IMAGE,denmark,/92023/images_billed_2010_okt_billeder_object329669,-1,https://www.europeana.eu/api/v2/thumbnail-by-url.json?uri=http%3A%2F%2Fkb-images.kb.dk%2FDAMJP2%2Fonline_master_arkiv_6%2Fnon-archival%2FImages%2FBLADTE%2FBo_Bojesen%2Fdb_bo_bojesen_00253%2Ffull%2Ffull%2F0%2Fnative.jpg&size=LARGE&type=IMAGE
Le Tragique amour de Mona Lisa,Candido Aragonês de Faria,EYE Filmmuseum (The Netherlands),IMAGE,netherlands,/08614/poster9867,20..,https://www.europeana.eu/api/v2/thumbnail-by-url.json?uri=http%3A%2F%2Fefgposters.eyefilm.nl%2FNL-EYE-EFG1914_A04997.jpg&size=LARGE&type=IMAGE
Mona Lisa művészeti  fényképészet és festészeti vállalat,,Magyar Kereskedelmi és Vendéglátóipari Múzeum - Budapest,IMAGE,hungary,/2048128/94590,-1,https://www.europeana.eu/api/v2/thumbnail-by-url.json?uri=http%3A%2F%2Fmandadb.hu%2Fmandadb%2Fwebimage%2F9%2F0%2F0%2F7%2F0%2Fwimage%2FKF_5401_3.jpg&size=LARGE&type=IMAGE
Kiállítás,"Bauer Sándor, fényképész",Fortepan,IMAGE,hungary,/2048128/576298,20..,https://www.europeana.eu/api/v2/thumbnail-by-url.json?uri=http%3A%2F%2Fmandadb.hu%2Fcommon%2Ffile-servlet%2Fdocument%2F898530%2Fdefault%2Fdoc_url%2F126152.jpg&size=LARGE&type=IMAGE
"Magyar Szakácsok Országos Egyesületének tablóképe, Budapest, 1939.","Diskai Mona Lisa, fotó stúdió, Budapest,  VII. kerület, Rákóczi út 18.",Magyar Kereskedelmi és Vendéglátóipari Múzeum - Budapest,IMAGE,hungary,/2048128/326652,-1,https://www.europeana.eu/api/v2/thumbnail-by-url.json?uri=http%3A%2F%2Fmandadb.hu%2Fcommon%2Ffile-servlet%2Fdocument%2F535353%2Fdefault%2Fdoc_url%2FVF_32_533.jpg&size=LARGE&type=IMAGE
Przygody Otka,,Filmoteka Narodowa,IMAGE,poland,/08609/1_F_3481_6_931x,20..,https://www.europeana.eu/api/v2/thumbnail-by-url.json?uri=http%3A%2F%2Ffototeka.fn.org.pl%2Fpublic%2Fcache%2F1-F-3481-6-931x.jpg&size=LARGE&type=IMAGE
Der Raub der Mona Lisa,,Deutsches Filminstitut - DIF,IMAGE,germany,/08604/0DB662C1207D4AD998E51B17076D2A93_f015490_pic_01,-1,https://www.europeana.eu/api/v2/thumbnail-by-url.json?uri=http%3A%2F%2Fwww.filmportal.de%2Fsites%2Fdefault%2Ffiles%2F0DB662C1207D4AD998E51B17076D2A93_f015490_pic_01.jpg&size=LARGE&type=IMAGE
LES TROIS CLOCHES (slow rock) / VILLARD. ARGENTINA SERENADE (bounce bolero) / MERY & STANI. MONA LISA (slow rock) / LIVINGSTONE & EVANS. NAMENLOS (du film Das Totenschiff) (valse) / KOVAC ; ZACHARIAS et ses violons enchantés,,National Library of France,SOUND,france,/9200365/BibliographicResource_3000134385465,1960,https://www.europeana.eu/api/v2/thumbnail-by-url.json?uri=http%3A%2F%2Fgallica.bnf.fr%2Fark%3A%2F12148%2Fbpt6k88212945.thumbnail.jpg&size=LARGE&type=SOUND
RAMONA / WAYNE (Mabel) et GILBERT (W). ALWAYS / BERLIN (Irving). ALL OF ME (C'est un rêve) / SIMON et MARKS. MONA LISA / LIVINGSTON et EVANS ; THE BLUE DIAMONDS orch Jack BULTERMAN,,National Library of France,SOUND,france,/9200365/BibliographicResource_3000134384347,1960,https://www.europeana.eu/api/v2/thumbnail-by-url.json?uri=http%3A%2F%2Fgallica.bnf.fr%2Fark%3A%2F12148%2Fbpt6k8827259k.thumbnail.jpg&size=LARGE&type=SOUND
"MONA LISA / LIVINGSTON et EVANS. ONLY SIXTEEN / CAMPBELL. LEROY / SCOTT. SECRETLY / HOFFMAN, MANNING et MARKWELL ; THE FOUR COMETS",,National Library of France,SOUND,france,/9200365/BibliographicResource_3000134100881,1960,https://www.europeana.eu/api/v2/thumbnail-by-url.json?uri=http%3A%2F%2Fgallica.bnf.fr%2Fark%3A%2F12148%2Fbpt6k8821642t.thumbnail.jpg&size=LARGE&type=SOUND
"THE Nat King Cole Story / Nat King Cole, chant et Orchestre","Winkler, Gerhard. Auteur ou responsable intellectuel Wells, Robert. Auteur ou responsable intellectuel Wayne, Dorothy. Auteur ou responsable intellectuel Watson, Deek. Auteur ou responsable intellectuel Turner, John (19..-.... ; auteur de chansons). Auteur ou responsable intellectuel Turk, Roy. Auteur ou responsable intellectuel Troup, Bobby (1918-1999). Auteur ou responsable intellectuel Tormé, Mel (1925-1999). Auteur ou responsable intellectuel Strayhorn, Billy (1915-1967). Auteur ou responsable intellectuel Stein, Willie. Auteur ou responsable intellectuel Sosenko, Anna. Auteur ou responsable intellectuel Singleton, Charles. Auteur ou responsable intellectuel Sigman, Carl. Auteur ou responsable intellectuel Sherman, Noël. Auteur ou responsable intellectuel Sherman, Joe. Auteur ou responsable intellectuel Russell, Bob. Auteur ou responsable intellectuel Rose, Billy. Auteur ou responsable intellectuel Redi, P. G.. Auteur ou responsable intellectuel Rauch. Auteur ou responsable intellectuel Rasch, Ray. Auteur ou responsable intellectuel Porter, Cole (1892-1964). Auteur ou responsable intellectuel Parsons, Geoffrey (19..-.... ; auteur de chansons). Auteur ou responsable intellectuel Parman, Cliff. Auteur ou responsable intellectuel Parker, Bobby (1937-....). Auteur ou responsable intellectuel Parish, Mitchell (1900-1993). Auteur ou responsable intellectuel Parish, Mitchell (1900-1993). Auteur ou responsable intellectuel Otis, Clyde (1924-2008). Auteur ou responsable intellectuel Mills, Irving (1894-1985). Auteur ou responsable intellectuel Mc Coy, Rose Marie. Auteur ou responsable intellectuel Lippman, Sidney (1914-2003). Auteur ou responsable intellectuel Lee, Lester. Auteur ou responsable intellectuel Lavere, Charles. Auteur ou responsable intellectuel Jones, Ollie. Auteur ou responsable intellectuel John, Dominic. Auteur ou responsable intellectuel Jenkins, Gordon (1910-1984). Auteur ou responsable intellectuel Hester, Hal. Auteur ou responsable intellectuel Hendricks, B.. Auteur ou responsable intellectuel Harburg, E. Y. (1896-1981). Auteur ou responsable intellectuel Handy, William Christopher (1873-1958). Auteur ou responsable intellectuel Gordon, Irving. Auteur ou responsable intellectuel George, Don. Auteur ou responsable intellectuel Gallop, Sammy (1915-1971). Auteur ou responsable intellectuel Galdieri, Michele (1902-1965). Auteur ou responsable intellectuel Galan, Pacho. Auteur ou responsable intellectuel Douglas, Larry. Auteur ou responsable intellectuel Dobbins, Shelly. Auteur ou responsable intellectuel De Lugg, Milton. Auteur ou responsable intellectuel Dee, Sylvia. Auteur ou responsable intellectuel Cornelius, H.. Auteur ou responsable intellectuel Conn, Chester. Auteur ou responsable intellectuel Cole, Nat King (1917-1965). Auteur ou responsable intellectuel Clifford, Gordon (1902-1968). Auteur du texte Chaplin, Charles (1889-1977). Auteur ou responsable intellectuel Carmichael, Hoagy (1899-1981). Auteur ou responsable intellectuel Burwell, Cliff. Auteur ou responsable intellectuel Brown, Nacio Herb (1896-1964). Auteur ou responsable intellectuel Best, William. Auteur ou responsable intellectuel Benton, Brook (1931-1988). Auteur ou responsable intellectuel Barnes, Howard. Auteur ou responsable intellectuel Cole, Nat King (1917-1965). Interprète http://data.europeana.eu/agent/base/154582 http://data.europeana.eu/agent/base/67808 http://data.europeana.eu/agent/base/49085 http://data.europeana.eu/agent/base/63028 http://data.europeana.eu/agent/base/147047 http://data.europeana.eu/agent/base/91054 http://data.europeana.eu/agent/base/61804 http://data.europeana.eu/agent/base/81601 http://data.europeana.eu/agent/base/155702 http://data.europeana.eu/agent/base/33904 http://data.europeana.eu/agent/base/150033 http://data.europeana.eu/agent/base/62475 http://data.europeana.eu/agent/base/60569 http://data.europeana.eu/agent/base/61519 http://data.europeana.eu/agent/base/61710 http://data.europeana.eu/agent/base/66557 http://data.europeana.eu/agent/base/63927",National Library of France,SOUND,france,/9200365/BibliographicResource_3000134088259,19..,https://www.europeana.eu/api/v2/thumbnail-by-url.json?uri=http%3A%2F%2Fgallica.bnf.fr%2Fark%3A%2F12148%2Fbpt6k8802100h.thumbnail.jpg&size=LARGE&type=SOUND
"Unforgettable songs by Nat ""King"" Cole","Cole, Nat King (1917-1965). Chant http://data.europeana.eu/agent/base/61519",National Library of France,SOUND,france,/9200365/BibliographicResource_3000126238799,1954,https://www.europeana.eu/api/v2/thumbnail-by-url.json?uri=http%3A%2F%2Fgallica.bnf.fr%2Fark%3A%2F12148%2Fbpt6k8822953z.thumbnail.jpg&size=LARGE&type=SOUND
MONA LISA / LIVINGSTON et EVANS. ALWAYS / BERLIN (Irving) ; THE BLUE DIAMONDS avec orch et choeurs J. BULTERMAN,,National Library of France,SOUND,france,/9200365/BibliographicResource_3000118476751,20..,https://www.europeana.eu/api/v2/thumbnail-by-url.json?uri=http%3A%2F%2Fgallica.bnf.fr%2Fark%3A%2F12148%2Fbpt6k8828909d.thumbnail.jpg&size=LARGE&type=SOUND
"MONA LISA / LIVINGSTON et EVANS. HEAVENLY / TWITTY et NANCE. HEY LITTLE LUCY ! / SCHROEDER, WEISS et SILBERT. WHEN I'M NOT WITH YOU / TWITTY et NANCY ; TWITTY (Conway) (chant) ; avec accompagnement instrumental","Weiss, George (1921-2010). Auteur ou responsable intellectuel Twitty, Conway (1933-1993). Auteur ou responsable intellectuel Silbert. Auteur ou responsable intellectuel Schroeder, Aaron. Auteur ou responsable intellectuel Nance, J.. Auteur ou responsable intellectuel Twitty, Conway (1933-1993). Chant http://data.europeana.eu/agent/base/64281",National Library of France,SOUND,france,/9200365/BibliographicResource_3000118466538,1959,https://www.europeana.eu/api/v2/thumbnail-by-url.json?uri=http%3A%2F%2Fgallica.bnf.fr%2Fark%3A%2F12148%2Fbpt6k88243879.thumbnail.jpg&size=LARGE&type=SOUND
Bal musette / Will Glahe and his orchestra,"Glahé, Will (1902-1989). Direction d'orchestre http://data.europeana.eu/agent/base/54457",National Library of France,SOUND,france,/9200365/BibliographicResource_3000118464657,1952,https://www.europeana.eu/api/v2/thumbnail-by-url.json?uri=http%3A%2F%2Fgallica.bnf.fr%2Fark%3A%2F12148%2Fbpt6k8815744z.thumbnail.jpg&size=LARGE&type=SOUND
CANDLELIGHT SERENADE / ZACHARIAS and his Magic Violins,"Zentirmay. Auteur ou responsable intellectuel Gilles (1895-1982). Auteur ou responsable intellectuel Osborne, Tony. Auteur ou responsable intellectuel Oldorp, F.. Auteur ou responsable intellectuel Mery, Maurice. Auteur ou responsable intellectuel Kovac. Auteur ou responsable intellectuel Jobim, António Carlos (1927-1994). Auteur ou responsable intellectuel Dobschinski. Auteur ou responsable intellectuel Bonfá, Luiz (1922-2001). Auteur ou responsable intellectuel Zacharias, Helmut (1920-2002). Direction d'orchestre http://data.europeana.eu/agent/base/50280 http://data.europeana.eu/agent/base/64359",National Library of France,SOUND,france,/9200365/BibliographicResource_3000095906535,1960,https://www.europeana.eu/api/v2/thumbnail-by-url.json?uri=http%3A%2F%2Fgallica.bnf.fr%2Fark%3A%2F12148%2Fbpt6k8802961z.thumbnail.jpg&size=LARGE&type=SOUND
GOLDEN AWARD SONGS / Erwin HALLETZ et son Orchestre,"Williams, Clarence (1898-1965). Auteur ou responsable intellectuel Van Heusen, Jimmy. Auteur ou responsable intellectuel Styne, Jule (1905-1994). Auteur ou responsable intellectuel Loesser, Frank (1910-1969). Auteur ou responsable intellectuel Kresa, Helmy. Auteur ou responsable intellectuel Hoffman. Auteur ou responsable intellectuel Glenn, Artie. Auteur ou responsable intellectuel Fisher, Fred (1875-1942). Auteur ou responsable intellectuel Fain, Sammy (1902-1989). Auteur ou responsable intellectuel Brown, Lew (1893-1958). Auteur ou responsable intellectuel Berlin, Irving (1888-1989). Auteur ou responsable intellectuel Halletz, Erwin (1923-....). Direction d'orchestre http://data.europeana.eu/agent/base/8 http://data.europeana.eu/agent/base/60109 http://data.europeana.eu/agent/base/61503 http://data.europeana.eu/agent/base/147872 http://data.europeana.eu/agent/base/66146 http://data.europeana.eu/agent/base/62544 http://data.europeana.eu/agent/base/60459",National Library of France,SOUND,france,/9200365/BibliographicResource_3000095906504,1959,https://www.europeana.eu/api/v2/thumbnail-by-url.json?uri=http%3A%2F%2Fgallica.bnf.fr%2Fark%3A%2F12148%2Fbpt6k8802688k.thumbnail.jpg&size=LARGE&type=SOUND
BILL BLACK'S COMBO SOLID AND RAUNCHY / Bill BLACK'S COMBO,"Williams, Curley. Auteur ou responsable intellectuel Weill, Kurt (1900-1950). Auteur ou responsable intellectuel Stock, Larry (1896-1984). Auteur ou responsable intellectuel Shepherd, S.. Auteur ou responsable intellectuel Scott, Clifford. Auteur ou responsable intellectuel Rose, Vincent. Auteur ou responsable intellectuel Rio, Chuck (1929-2006). Auteur ou responsable intellectuel Presley, Elvis (1935-1977). Auteur ou responsable intellectuel Manker, J.. Auteur ou responsable intellectuel Mac Daniels, Ellis. Auteur ou responsable intellectuel Louiguy (1916-1991). Auteur ou responsable intellectuel Lewis, Al.. Auteur ou responsable intellectuel Justis, William. Auteur ou responsable intellectuel Hunter, Ivory Joe. Auteur ou responsable intellectuel Endsley, Melvin. Auteur ou responsable intellectuel Doggett, Bill (1916-1996). Auteur ou responsable intellectuel David, Mack (1912-1993). Auteur ou responsable intellectuel Brecht, Bertolt (1898-1956). Auteur du texte Blitzstein, Marc (1905-1964). Auteur du texte Blackwell, Otis (1931-2002). Auteur du texte THE BILL BLACK'S COMBO. Interprète THE BILL BLACK'S COMBO. Interprète http://data.europeana.eu/agent/base/147028 http://data.europeana.eu/agent/base/26418 http://data.europeana.eu/agent/base/146807 http://data.europeana.eu/agent/base/82018 http://data.europeana.eu/agent/base/62745 http://data.europeana.eu/agent/base/118317 http://data.europeana.eu/agent/base/148468 http://data.europeana.eu/agent/base/64784",National Library of France,SOUND,france,/9200365/BibliographicResource_3000095904854,1960,https://www.europeana.eu/api/v2/thumbnail-by-url.json?uri=http%3A%2F%2Fgallica.bnf.fr%2Fark%3A%2F12148%2Fbpt6k8813869h.thumbnail.jpg&size=LARGE&type=SOUND
"GUITAR DE AMOR / Bob Bain, à la guitare","Terry, Ann. Auteur ou responsable intellectuel Schertzinger, Victor (1890-1941). Auteur ou responsable intellectuel Roubanis, Nicholas. Auteur ou responsable intellectuel Prado, Miguel. Auteur ou responsable intellectuel Ponce, Manuel María (1882-1948). Auteur ou responsable intellectuel Parker, S.. Auteur ou responsable intellectuel O'Flynn, Ch.. Auteur ou responsable intellectuel Madriguera, Enric (1904-1973). Auteur ou responsable intellectuel Luna, Gabriel. Auteur ou responsable intellectuel Lombardo, Carmen (1903-1971). Auteur ou responsable intellectuel Lecuona, Marguerite. Auteur ou responsable intellectuel Lecuona, Ernesto (1896-1963). Auteur ou responsable intellectuel Hayman, Richard (1920-2014). Auteur ou responsable intellectuel Farrés, Osvaldo (1902-1985). Auteur ou responsable intellectuel Davis, Joe. Auteur ou responsable intellectuel Daniels, Lee. Auteur ou responsable intellectuel Barroso, Ari (1903-1964). Auteur ou responsable intellectuel Bain, Bob (1924-....). Auteur ou responsable intellectuel Bain, Bob (1924-....). Guitare http://data.europeana.eu/agent/base/165025 http://data.europeana.eu/agent/base/150874 http://data.europeana.eu/agent/base/153484",National Library of France,SOUND,france,/9200365/BibliographicResource_3000095900997,20..,https://www.europeana.eu/api/v2/thumbnail-by-url.json?uri=http%3A%2F%2Fgallica.bnf.fr%2Fark%3A%2F12148%2Fbpt6k88146160.thumbnail.jpg&size=LARGE&type=SOUND
"SEULS CE SOIR / FERRANTE et TEICHER, pianos, orchestre et choeurs",Ferrante and Teicher. Groupe instrumental,National Library of France,SOUND,france,/9200365/BibliographicResource_3000095898220,20..,https://www.europeana.eu/api/v2/thumbnail-by-url.json?uri=http%3A%2F%2Fgallica.bnf.fr%2Fark%3A%2F12148%2Fbpt6k88099258.thumbnail.jpg&size=LARGE&type=SOUND
AIRS DE FILMS / Jack SHAINDLIN et son orchestre,"Shaindlin, Jack. Direction d'orchestre",National Library of France,SOUND,france,/9200365/BibliographicResource_3000095896079,1957,https://www.europeana.eu/api/v2/thumbnail-by-url.json?uri=http%3A%2F%2Fgallica.bnf.fr%2Fark%3A%2F12148%2Fbpt6k8805370s.thumbnail.jpg&size=LARGE&type=SOUND
T-Shirt,Hanes,Peloponnesian Folklore Foundation,IMAGE,greece,/2048210/2007_6_0362,1960s,https://www.europeana.eu/api/v2/thumbnail-by-url.json?uri=http%3A%2F%2Frepos.europeanafashion.eu%2Fpff%2Fimages%2F2007.6.0362.JPG&size=LARGE&type=IMAGE
BARNTECKNING,Erikslundsskolan,Vänersborgs museum,IMAGE,sweden,/916106/vbg_object_VM08074_22,1945,https://www.europeana.eu/api/v2/thumbnail-by-url.json?uri=http%3A%2F%2Fmm.dimu.org%2Fimage%2F032uL2kSj68f%3Fdimension%3D600x600&size=LARGE&type=IMAGE
Decor zonder naam,Petrus Regout/Sphinx,National Library of the Netherlands - Koninklijke Bibliotheek,IMAGE,netherlands,/92034/GVNRC_SHCL01_13748,-1,https://www.europeana.eu/api/v2/thumbnail-by-url.json?uri=http%3A%2F%2Fresolver.kb.nl%2Fresolve%3Furn%3Durn%3Agvn%3ASHCL01%3A13748%26role%3Dthumbnail&size=LARGE&type=IMAGE
"Heren met snorren en bolhoeden hebben zich geschaard om de 'Mona Lisa', een van de beroemdste werken van Leonardo da Vinci (1452-1519). Het schilderij is, na lange afwezigheid, terug in het Louvre. Parijs, 1914.",Fotograaf onbekend,National Library of the Netherlands - Koninklijke Bibliotheek,IMAGE,netherlands,/92034/GVNRC_SFA03_SFA022800005,1914,https://www.europeana.eu/api/v2/thumbnail-by-url.json?uri=http%3A%2F%2Fresolver.kb.nl%2Fresolve%3Furn%3Durn%3Agvn%3ASFA03%3ASFA022800005%26role%3Dthumbnail&size=LARGE&type=IMAGE
"Leonardo da Vinci 's (1452-1519) meesterwerk uit ca. 1405: De Mona Lisa, of La Gioconda. Parijs,1911.",,National Library of the Netherlands - Koninklijke Bibliotheek,IMAGE,netherlands,/92034/GVNRC_SFA03_SFA022800004,1911,https://www.europeana.eu/api/v2/thumbnail-by-url.json?uri=http%3A%2F%2Fresolver.kb.nl%2Fresolve%3Furn%3Durn%3Agvn%3ASFA03%3ASFA022800004%26role%3Dthumbnail&size=LARGE&type=IMAGE
"Op de glimlach-school in Boedapest wijst een leraar in witte jas met een stok naar de mond van de Mona Lisa op een tekening daarvan. Hongarije, 1937.",Fotograaf onbekend,National Library of the Netherlands - Koninklijke Bibliotheek,IMAGE,netherlands,/92034/GVNRC_SFA03_SFA022007043,1937,https://www.europeana.eu/api/v2/thumbnail-by-url.json?uri=http%3A%2F%2Fresolver.kb.nl%2Fresolve%3Furn%3Durn%3Agvn%3ASFA03%3ASFA022007043%26role%3Dthumbnail&size=LARGE&type=IMAGE
Mona Lisa Smile,"Columbia Tristar,,",National Library of the Netherlands - Koninklijke Bibliotheek,IMAGE,netherlands,/92034/GVNRC_RA01_479516710add1,21..,https://www.europeana.eu/api/v2/thumbnail-by-url.json?uri=http%3A%2F%2Fresolver.kb.nl%2Fresolve%3Furn%3Durn%3Agvn%3ARA01%3A479516710add1%26role%3Dthumbnail&size=LARGE&type=IMAGE
Nimbostratus/Ti. Faust und das ewige Lächeln der Mona Lisa,"Moulen, Lyan",National Library of the Netherlands - Koninklijke Bibliotheek,IMAGE,netherlands,/92034/GVNRC_NAGO02_TIN_R1985_040,1985,https://www.europeana.eu/api/v2/thumbnail-by-url.json?uri=http%3A%2F%2Fresolver.kb.nl%2Fresolve%3Furn%3Durn%3Agvn%3ANAGO02%3ATIN-R1985-040%26role%3Dthumbnail&size=LARGE&type=IMAGE
"Museum Louvre, Mona Lisa im Visir eines Amateur-Digitalfotografen aus Japan","Gerig, Uwe (Fotograf)",Deutsche Fotothek,IMAGE,germany,/2048415/item_W37GID2ON4G4LTWNM2DO4MBF5BLTMCIO,21..,https://www.europeana.eu/api/v2/thumbnail-by-url.json?uri=http%3A%2F%2Ffotothek.slub-dresden.de%2Ffotos%2Fdf%2Fge%2F0005000%2Fdf_ge_0005561.jpg&size=LARGE&type=IMAGE
"Museum Louvre, Besucher vor dem Bild der Mona Lisa","Gerig, Uwe (Fotograf)",Deutsche Fotothek,IMAGE,germany,/2048415/item_TSJ5VQ4ME26ZPW6M7IJOXDMKTNHSRWWT,21..,https://www.europeana.eu/api/v2/thumbnail-by-url.json?uri=http%3A%2F%2Ffotothek.slub-dresden.de%2Ffotos%2Fdf%2Fge%2F0005000%2Fdf_ge_0005557.jpg&size=LARGE&type=IMAGE
"Museum Louvre, Besucher fotografieren vor dem Bild der Mona Lisa","Gerig, Uwe (Fotograf)",Deutsche Fotothek,IMAGE,germany,/2048415/item_REJCDQZ3MPKPNITBT2G6FGBNQSB3ZLDX,21..,https://www.europeana.eu/api/v2/thumbnail-by-url.json?uri=http%3A%2F%2Ffotothek.slub-dresden.de%2Ffotos%2Fdf%2Fge%2F0005000%2Fdf_ge_0005554.jpg&size=LARGE&type=IMAGE
Fotoreproductie van tekening Mona Lisa door Leonardo da Vinci,,Rijksmuseum,IMAGE,netherlands,/90402/RP_F_00_351,-1,https://www.europeana.eu/api/v2/thumbnail-by-url.json?uri=https%3A%2F%2Flh6.ggpht.com%2FxkRgwWXO_OXkVj5mNfpx7Fc_KHOva-l7o_ULAHaGUjkqupnE_rb4Ogkt7LCbxKKABheEccEioNPxYVkaNeoRJF9xyQ%3Ds0&size=LARGE&type=IMAGE
Mona Lisa z Pohronia Mona Lisa from around River Hron ,"Dohnány, Miloš",Slovak National Gallery,IMAGE,slovakia,/07101/UP_DK_2714,-1,https://www.europeana.eu/api/v2/thumbnail-by-url.json?uri=http%3A%2F%2Fwww.webumenia.sk%2Fdielo%2FSVK%3ASNG.UP-DK_2714%2Fstiahnut&size=LARGE&type=IMAGE
"Le Grice, Malcolm (18 of 28). National Life Stories: Artists' Lives",,The British Library,SOUND,united kingdom,/2059209/data_sounds_C0466X0353XX_0018,-1,https://www.europeana.eu/api/v2/thumbnail-by-url.json?uri=http%3A%2F%2Fsounds.bl.uk%2Fwaveforms%2FArt%2F021A-C0466X0353XX-0018A0.png&size=LARGE&type=SOUND
Study for Mona Lisa with Keys,"Fernand Leger, French, 1881-1955","The Israel Museum, Jerusalem",IMAGE,israel,/08502/Athena_Update_ProvidedCHO_The_Israel_Museum__Jerusalem_289423,-1,https://www.europeana.eu/api/v2/thumbnail-by-url.json?uri=http%3A%2F%2Fwww.imj.org.il%2Fimages%2Fcorridor%2FBezalel%2Fprintsanddraw%2FLejwa%2520coll%2C%2520jpeg%2FB00_1127%7EFernand%2520Leger%2C%2520Study%2520for%2520Mona%2520Lisa%2520with%2520Keys%2C%2520c.jpg&size=LARGE&type=IMAGE
Dalí Mona Lisa,"Philippe Halsman, 1906, Riga, Latvia - 1979, New York","The Israel Museum, Jerusalem",IMAGE,israel,/08502/Athena_Update_ProvidedCHO_The_Israel_Museum__Jerusalem_220221,1953,https://www.europeana.eu/api/v2/thumbnail-by-url.json?uri=http%3A%2F%2Fmuseum.imj.org.il%2Fimages%2Fcorridor%2FBezalel%2Fmodern%2FArturo%2FHalsman%7EB99_1669_1.jpg&size=LARGE&type=IMAGE
L.H.O.O.Q Shaved,"Marcel Duchamp, 1887, Blainville, France - 1968, Neuilly-sur-Seine, France","The Israel Museum, Jerusalem",IMAGE,israel,/08502/Athena_Update_ProvidedCHO_The_Israel_Museum__Jerusalem_219738,1965,https://www.europeana.eu/api/v2/thumbnail-by-url.json?uri=http%3A%2F%2Fwww.imj.org.il%2Fimages%2Fcorridor%2FBezalel%2Fmodern%2FArturo%2FB99_1615.jpg&size=LARGE&type=IMAGE
Picabia's Mona Lisa,"Marcel Duchamp, 1887, Blainville, France - 1968, Neuilly-sur-Seine, France","The Israel Museum, Jerusalem",IMAGE,israel,/08502/Athena_Update_ProvidedCHO_The_Israel_Museum__Jerusalem_219739,1965,https://www.europeana.eu/api/v2/thumbnail-by-url.json?uri=http%3A%2F%2Fwww.imj.org.il%2Fimages%2Fcorridor%2FBezalel%2Fmodern%2FArturo%2FDuchamp%7EB99_1616.jpg&size=LARGE&type=IMAGE
L.H.O.O.Q.,"Marcel Duchamp, 1887, Blainville, France - 1968, Neuilly-sur-Seine, France","The Israel Museum, Jerusalem",IMAGE,israel,/08502/Athena_Update_ProvidedCHO_The_Israel_Museum__Jerusalem_199796,-1,https://www.europeana.eu/api/v2/thumbnail-by-url.json?uri=http%3A%2F%2Fmuseum.imj.org.il%2Fimages%2Fcorridor%2FBezalel%2Fimj%2520book%25202005%2FDuchamp%2C%2520Marcel%2C%2520LHOOQ%2C%25201919_1964.jpg&size=LARGE&type=IMAGE
Barbiera,,International Institute of Social History,IMAGE,netherlands,/2022096/10622_7CA92152_1BF3_4406_9247_1B34149C54D0_cho,-1,https://www.europeana.eu/api/v2/thumbnail-by-url.json?uri=http%3A%2F%2Fhdl.handle.net%2F10622%2F30051002067376%3Flocatt%3Dview%3Alevel3&size=LARGE&type=IMAGE
"Pizzeria Mona Lisa i Kumla, interiör, detalj ur inredningen - en tavla.
Bilder tagna i samband med dokumentationsprojektet ""Pizzerior och paraboler"", delprojektet ""Pizzerior i Örebro län"".
Dnr: 2004.250.068","Björck, Johanna",Örebro läns museum,IMAGE,sweden,/916121/S_OLM_photo_OLM_2005_35_8,-1,https://www.europeana.eu/api/v2/thumbnail-by-url.json?uri=http%3A%2F%2Fmm.dimu.org%2Fimage%2F022wZWV9WAvf%3Fdimension%3D1200x1200&size=LARGE&type=IMAGE
"Pizzeria Mona Lisa i Kumla, interiör.
Bilder tagna i samband med dokumentationsprojektet ""Pizzerior och paraboler"", delprojektet ""Pizzerior i Örebro län"".
Dnr: 2004.250.068","Björck, Johanna",Örebro läns museum,IMAGE,sweden,/916121/S_OLM_photo_OLM_2005_35_9,-1,https://www.europeana.eu/api/v2/thumbnail-by-url.json?uri=http%3A%2F%2Fmm.dimu.org%2Fimage%2F022wZWV9WAvg%3Fdimension%3D1200x1200&size=LARGE&type=IMAGE
"Pizzeria Mona Lisa i Kumla, interiör.
Bilder tagna i samband med dokumentationsprojektet ""Pizzerior och paraboler"", delprojektet ""Pizzerior i Örebro län"".
Dnr: 2004.250.068","Björck, Johanna",Örebro läns museum,IMAGE,sweden,/916121/S_OLM_photo_OLM_2005_35_7,-1,https://www.europeana.eu/api/v2/thumbnail-by-url.json?uri=http%3A%2F%2Fmm.dimu.org%2Fimage%2F032wZWV9WAve%3Fdimension%3D1200x1200&size=LARGE&type=IMAGE
"Pizzeria Mona Lisa i Kumla, interiör.
Bilder tagna i samband med dokumentationsprojektet ""Pizzerior och paraboler"", delprojektet ""Pizzerior i Örebro län"".
Dnr: 2004.250.068","Björck, Johanna",Örebro läns museum,IMAGE,sweden,/916121/S_OLM_photo_OLM_2005_35_5,-1,https://www.europeana.eu/api/v2/thumbnail-by-url.json?uri=http%3A%2F%2Fmm.dimu.org%2Fimage%2F022wZWV9WAvc%3Fdimension%3D1200x1200&size=LARGE&type=IMAGE
"Pizzeria Mona Lisa i Kumla, interiör.
Bilder tagna i samband med dokumentationsprojektet ""Pizzerior och paraboler"", delprojektet ""Pizzerior i Örebro län"".
Dnr: 2004.250.068","Björck, Johanna",Örebro läns museum,IMAGE,sweden,/916121/S_OLM_photo_OLM_2005_35_6,-1,https://www.europeana.eu/api/v2/thumbnail-by-url.json?uri=http%3A%2F%2Fmm.dimu.org%2Fimage%2F032wZWV9WAvd%3Fdimension%3D1200x1200&size=LARGE&type=IMAGE
"Pizzeria Mona Lisa i Kumla, exteriör, uteservering.
Bilder tagna i samband med dokumentationsprojektet ""Pizzerior och paraboler"", delprojektet ""Pizzerior i Örebro län"".
Dnr: 2004.250.068","Björck, Johanna",Örebro läns museum,IMAGE,sweden,/916121/S_OLM_photo_OLM_2005_35_11,-1,https://www.europeana.eu/api/v2/thumbnail-by-url.json?uri=http%3A%2F%2Fmm.dimu.org%2Fimage%2F022wZWV9WArD%3Fdimension%3D1200x1200&size=LARGE&type=IMAGE
"Pizzeria Mona Lisa i Kumla, interiör, beställningsdisk och menytavlor.
Bilder tagna i samband med dokumentationsprojektet ""Pizzerior och paraboler"", delprojektet ""Pizzerior i Örebro län"".
Dnr: 2004.250.068","Björck, Johanna",Örebro läns museum,IMAGE,sweden,/916121/S_OLM_photo_OLM_2005_35_10,-1,https://www.europeana.eu/api/v2/thumbnail-by-url.json?uri=http%3A%2F%2Fmm.dimu.org%2Fimage%2F032wZWV9WArC%3Fdimension%3D1200x1200&size=LARGE&type=IMAGE
"Pizzeria Mona Lisa i Fellingsbro, interiör.
Bilder tagna i samband med dokumentationsprojektet ""Pizzerior och paraboler"", delprojektet ""Pizzerior i Örebro län"".
Dnr: 2004.250.068","Björck, Johanna",Örebro läns museum,IMAGE,sweden,/916121/S_OLM_photo_OLM_2005_32_8,-1,https://www.europeana.eu/api/v2/thumbnail-by-url.json?uri=http%3A%2F%2Fmm.dimu.org%2Fimage%2F022wZWV85DMh%3Fdimension%3D1200x1200&size=LARGE&type=IMAGE
"Pizzeria Mona Lisa i Fellingsbro, tavla på väggen med tack för sponsring till det lokala fotbollslaget.
Bilder tagna i samband med dokumentationsprojektet ""Pizzerior och paraboler"", delprojektet ""Pizzerior i Örebro län"".
Dnr: 2004.250.068","Björck, Johanna",Örebro läns museum,IMAGE,sweden,/916121/S_OLM_photo_OLM_2005_32_9,-1,https://www.europeana.eu/api/v2/thumbnail-by-url.json?uri=http%3A%2F%2Fmm.dimu.org%2Fimage%2F022wZWV85DMi%3Fdimension%3D1200x1200&size=LARGE&type=IMAGE
"Pizzeria Mona Lisa i Fellingsbro, interiör.
Bilder tagna i samband med dokumentationsprojektet ""Pizzerior och paraboler"", delprojektet ""Pizzerior i Örebro län"".
Dnr: 2004.250.068","Björck, Johanna",Örebro läns museum,IMAGE,sweden,/916121/S_OLM_photo_OLM_2005_32_6,-1,https://www.europeana.eu/api/v2/thumbnail-by-url.json?uri=http%3A%2F%2Fmm.dimu.org%2Fimage%2F032wZWV85DHR%3Fdimension%3D1200x1200&size=LARGE&type=IMAGE
"Pizzeria Mona Lisa i Fellingsbro, interiör.
Bilder tagna i samband med dokumentationsprojektet ""Pizzerior och paraboler"", delprojektet ""Pizzerior i Örebro län"".
Dnr: 2004.250.068","Björck, Johanna",Örebro läns museum,IMAGE,sweden,/916121/S_OLM_photo_OLM_2005_32_7,-1,https://www.europeana.eu/api/v2/thumbnail-by-url.json?uri=http%3A%2F%2Fmm.dimu.org%2Fimage%2F032wZWV85DHS%3Fdimension%3D1200x1200&size=LARGE&type=IMAGE
"Pizzeria Mona Lisa i Fellingsbro, interiör, beställningsdisk/kök.
Bilder tagna i samband med dokumentationsprojektet ""Pizzerior och paraboler"", delprojektet ""Pizzerior i Örebro län"".
Dnr: 2004.250.068","Björck, Johanna",Örebro läns museum,IMAGE,sweden,/916121/S_OLM_photo_OLM_2005_32_11,-1,https://www.europeana.eu/api/v2/thumbnail-by-url.json?uri=http%3A%2F%2Fmm.dimu.org%2Fimage%2F022wZWV85DHL%3Fdimension%3D1200x1200&size=LARGE&type=IMAGE
"Pizzeria Mona Lisa i Fellingsbro, interiör.
Bilder tagna i samband med dokumentationsprojektet ""Pizzerior och paraboler"", delprojektet ""Pizzerior i Örebro län"".
Dnr: 2004.250.068","Björck, Johanna",Örebro läns museum,IMAGE,sweden,/916121/S_OLM_photo_OLM_2005_32_10,-1,https://www.europeana.eu/api/v2/thumbnail-by-url.json?uri=http%3A%2F%2Fmm.dimu.org%2Fimage%2F032wZWV85DHK%3Fdimension%3D1200x1200&size=LARGE&type=IMAGE
"Nasze Morze, 2008, nr 3",,Bałtycka Biblioteka Cyfrowa,TEXT,poland,/0940442/_nnwktxs,-1,https://www.europeana.eu/api/v2/thumbnail-by-url.json?uri=http%3A%2F%2Fbibliotekacyfrowa.eu%2FContent%2F35799%2F032.djvu&size=LARGE&type=TEXT
"Joconde, ryc. LXXXIII","Hotelin, Laurent (19 w.), grafik-drzeworytnik",Biblioteka Cyfrowa Uniwersytetu Wrocławskiego,IMAGE,poland,/0940429/_nnnX7sX,19..,https://www.europeana.eu/api/v2/thumbnail-by-url.json?uri=http%3A%2F%2Fwww.bibliotekacyfrowa.pl%2FContent%2F14622%2F0092_0001.djvu&size=LARGE&type=IMAGE
Leonardo i Mona Lisa [dokument dźwiękowy],"Balcerowicz, Jerzy",Pomorska Biblioteka Cyfrowa,SOUND,poland,/0940417/_nnbhn5d,1981,https://www.europeana.eu/api/v2/thumbnail-by-url.json?uri=http%3A%2F%2Fpbc.gda.pl%2FContent%2F19793%2F05.mp3&size=LARGE&type=SOUND
Muzeum Sztuk Pięknych w Warszawie. Galeria w Domu Neprosa przy ul. Wierzbowej 11 - fragment ekspozycji malarstwa włoskiego,nieznany,Cyfrowe Muzeum Narodowe w Warszawie,IMAGE,poland,/0940409/_nntrWvZ,-1,https://www.europeana.eu/api/v2/thumbnail-by-url.json?uri=http%3A%2F%2Fcyfrowe.mnw.art.pl%2FContent%2F2591%2Fdi61382.jpg&size=LARGE&type=IMAGE
"""Lionardo da Vinci. Portrait de Mona Lisa (La Joconde)"" [""Portret Mony Lizy"", obraz Leonarda da Vinci (olej, 1503-1505) z kolekcji Muzeum Luwru]; 
fotografia z serii: ""La Galerie de tableaux du musée impérial du Louvre à Paris. Photographies d'après les tableaux originaux...""",nieznany,Cyfrowe Muzeum Narodowe w Warszawie,IMAGE,poland,/0940409/_nntr6sf,19..,https://www.europeana.eu/api/v2/thumbnail-by-url.json?uri=http%3A%2F%2Fcyfrowe.mnw.art.pl%2FContent%2F2459%2Fdi56783.jpg&size=LARGE&type=IMAGE
Mona Lisa w sleepingu,"Janisch, Jerzy (1901-1962)",Cyfrowe Muzeum Narodowe w Warszawie,IMAGE,poland,/0940409/_nn0Wq58,1939,https://www.europeana.eu/api/v2/thumbnail-by-url.json?uri=http%3A%2F%2Fcyfrowe.mnw.art.pl%2FContent%2F34809%2Frysw190.jpg&size=LARGE&type=IMAGE
Rendez-vous z Mona Lisą,"Piątkowski, Jerzy (1943- )",Małopolska Biblioteka Cyfrowa,TEXT,poland,/0940433/_nnhdRT1,2007,https://www.europeana.eu/api/v2/thumbnail-by-url.json?uri=http%3A%2F%2Fmbc.malopolska.pl%2FContent%2F5789%2Fp0025.djvu&size=LARGE&type=TEXT
Transitkunst. Studien zur Literatur 1890-2010,,Deutsche Nationalbibliothek,TEXT,germany,/2048441/item_W3NHSKOGDZS7D5VMTZWHVY6LJPMIHDM4,-1,
On the nature of the background behind Mona Lisa,"Carbon, Claus-Christian",Deutsche Nationalbibliothek,TEXT,germany,/2048441/item_QOHMTRXW7IWUDYCX4YVJDJ53PY4HBOTC,-1,
Das Lächeln der Mona Lisa,"Tucholsky, Kurt http://data.europeana.eu/agent/base/138503",Deutsche Nationalbibliothek,TEXT,germany,/2048441/item_NQVJ4HLHEXG2HNB4KYA7ZRM5TEFCJ74I,-1,
Mona Lisa is always happy - and only sometimes sad,"Liaci, Emanuela Institut für Grenzgebiete der Psychologie und Psychohygiene",Deutsche Nationalbibliothek,TEXT,germany,/2048441/item_CMR3LPDTGATOJV4LBQGS4VVCZ5TS4SL2,2017,
"Maastricht. Maas. Romeinse vondsten opgebaggerd tijdens het uitdiepen van de Maas. Elk jaar heeft een eigen gezicht. Het gezicht van een mens. Van een kind dat, met grote ogen, juist toe is aan zijn eerste levensontdekkingen, of van een vermoeide grijzende man. Van een meisje in haar lente, van een jongeman in de volle ontplooiing van zijn levenskracht, of van een vrouw waarover de regen van grote zorgen viel. een gezicht met het stempel van weemoed of levenslust, van vreugde of smart. Het jaar 1963 had voor Maastricht het gezicht van 'de vrouw met de glimlach'. Niet de glimlach van de kathedraal engel van Reims of de Mona Lisa maar, met een glimlach tussen beide in. Een glimlach die evenzeer van mildheid getuigt als van sterke wil; een glimlach vol innerlijke rust en vol daadkracht. De glimlach van het vrouwenbeeld dat dit jaar uit de Maas naar boven gehaald werd. Samen met een, even voorlopige als verrassende, rijkdom aan beelden, beeldfragmenten en munten, welke beloven een nog ongekend venster te openen op de historie van Maastricht. (Jaarboek 1963; blz. 3-6.) 22770",,Historisch centrum Limburg,IMAGE,netherlands,/2021646/HttpHandler_icoon_ico_file_2807706,-1,https://www.europeana.eu/api/v2/thumbnail-by-url.json?uri=http%3A%2F%2FRHCL.Hosting.DEVENTit.net%2FHttpHandler%2Ficoon.ico%3Ffile%3D2807706&size=LARGE&type=IMAGE
Het was opruimen geblazen gisteren bij veel cafés in Den Bosch. Met vereende krachten werden de restanten van de afgelopen carnavalsdagen verwijderd. Zoals hier bij café Mona Lisa in de Kolperstraat.,"Janssens, Felix",Stadsarchief 's-Hertogenbosch,IMAGE,netherlands,/2021633/AtlantisPubliek_detail_aspx_xmldescid_753573157,-1,https://www.europeana.eu/api/v2/thumbnail-by-url.json?uri=http%3A%2F%2Fdenbosch.hosting.deventit.net%2FHttpHandler%2Ficoon.ico%3Ffile%3D955902743&size=LARGE&type=IMAGE
schilder Boone met zijn Mona Lisa,"Midavaine, J.",Zeeuwse Bibliotheek,IMAGE,netherlands,/2021630/foto_1dfe2a20_97d1_11e3_b66f_67133ee27578,-1,https://www.europeana.eu/api/v2/thumbnail-by-url.json?uri=https%3A%2F%2Fimages.memorix.nl%2Fzeb%2Fthumb%2F640x480%2Fcbbd8b22-d37c-fdea-26fb-cd73a4421401.jpg&size=LARGE&type=IMAGE
Bomullsspinneriet Kampenhofs damhandbollslag 1946.,Okänd,Bohusläns museum,IMAGE,sweden,/916105/bhm_photo_UMFA53930_0016,-1,https://www.europeana.eu/api/v2/thumbnail-by-url.json?uri=http%3A%2F%2Fmm.dimu.org%2Fimage%2F012wX1Q3Qis6%3Fdimension%3D1200x1200&size=LARGE&type=IMAGE
"Max Schillings, Mona Lisa",,Divadelný ústav,IMAGE,slovakia,/2024916/photography_ProvidedCHO_Divadeln___stav_ZI_4793_,-1,https://www.europeana.eu/api/v2/thumbnail-by-url.json?uri=http%3A%2F%2Fwww.theatre.sk%2Falinari%2Fthumbnails%2FZI%2FZI_4793-t.jpg&size=LARGE&type=IMAGE
"Max Schillings, Mona Lisa",,Divadelný ústav,IMAGE,slovakia,/2024916/photography_ProvidedCHO_Divadeln___stav_ZI_4641_,-1,https://www.europeana.eu/api/v2/thumbnail-by-url.json?uri=http%3A%2F%2Fwww.theatre.sk%2Falinari%2Fthumbnails%2FZI%2FZI_4641-t.jpg&size=LARGE&type=IMAGE
"Simon och ekarna, 2002, Simon och ekarna","Fredriksson, Marianne [bok], Sundstedt, Kjell [manus] Hjertén, Lisa [scenografi; kostym], Wiberg, Anna-Karin [kostymass.] Román, Niklas Kjelbye, Ola [programfoto], Olsson, Mikael [affisch] Kjelbye, Ola [programfoto], Olsson, Mikael [affisch]",Göteborgs stadsmuseum,TEXT,sweden,/916100/GSM_event_828813,2002,https://www.europeana.eu/api/v2/thumbnail-by-url.json?uri=http%3A%2F%2F62.88.129.39%2Fcarlotta%2Fweb%2Fimage%2Fzoom%2F828855%2FSimon%2520och%2520ekarna%2C%25202002.bild1.jpg&size=LARGE&type=TEXT
Mona Lisa Berskog nordre,,The National Archives of Norway,TEXT,norway,/2058621/locloud_preg_dd0d30c0_0ea9_4820_8b5c_6ac2daa6a3a2,-1,
Das Mona Lisa Problem - methodische Anmerkungen zur Verbalisierung von 'Sozial Leisem',"Meier, Michael",GESIS - Leibniz-Institut für Sozialwissenschaften. Bibliothek Köln,TEXT,germany,/2048425/item_DQSI2IBLW263HBZK6S2WLDFFXUTVX6BB,21..,
"Museum Louvre, Mona Lisa hinter Panzerglas, im Visier von Amateur-Digitalfotografen aus aller Welt","Gerig, Uwe (Fotograf)",Deutsche Fotothek,IMAGE,germany,/2048411/item_623QAD4PD3EVYYJSGA23CYBEIUSCSJ2N,2005,https://www.europeana.eu/api/v2/thumbnail-by-url.json?uri=http%3A%2F%2Ffotothek.slub-dresden.de%2Ffotos%2Fdf%2Fge%2F0005000%2Fdf_ge_0005558.jpg&size=LARGE&type=IMAGE
"Museum Louvre, Besucher vor dem Bild der Mona Lisa von Leonardo da Vinci","Gerig, Uwe (Fotograf)",Deutsche Fotothek,IMAGE,germany,/2048416/item_PWW34CFKN6MK7O2TD25VQ6L2IALBX77O,2005,https://www.europeana.eu/api/v2/thumbnail-by-url.json?uri=http%3A%2F%2Ffotothek.slub-dresden.de%2Ffotos%2Fdf%2Fge%2F0005000%2Fdf_ge_0005556.jpg&size=LARGE&type=IMAGE
Mona Lisa,,RBB AIT DISMARC,SOUND,austria,/2059202/VANI_884385765354_1_14,-1,https://www.europeana.eu/api/v2/thumbnail-by-url.json?uri=http%3A%2F%2Feusounds.ait.co.at%2Fsamples_orc%2F884%2F385%2F765%2F884385765354%2F884385765354_thumb.jpg&size=LARGE&type=SOUND
Mona Lisa,,RBB AIT DISMARC,SOUND,austria,/2059202/ORCHARD_885686151495_1_13,-1,https://www.europeana.eu/api/v2/thumbnail-by-url.json?uri=http%3A%2F%2Feusounds.ait.co.at%2Fsamples_orc%2F885%2F686%2F151%2F885686151495%2F885686151495_thumb.jpg&size=LARGE&type=SOUND
Mona Lisa,,RBB AIT DISMARC,SOUND,austria,/2059202/ORCHARD_885686125564_1_3,-1,https://www.europeana.eu/api/v2/thumbnail-by-url.json?uri=http%3A%2F%2Feusounds.ait.co.at%2Fsamples_orc%2F885%2F686%2F125%2F885686125564%2F885686125564_thumb.jpg&size=LARGE&type=SOUND
Mona Lisa,,RBB AIT DISMARC,SOUND,austria,/2059202/ORCHARD_885686049198_1_10,-1,https://www.europeana.eu/api/v2/thumbnail-by-url.json?uri=http%3A%2F%2Feusounds.ait.co.at%2Fsamples_orc%2F885%2F686%2F049%2F885686049198%2F885686049198_thumb.jpg&size=LARGE&type=SOUND
Mona Lisa,,RBB AIT DISMARC,SOUND,austria,/2059202/ORCHARD_884385985349_1_22,-1,https://www.europeana.eu/api/v2/thumbnail-by-url.json?uri=http%3A%2F%2Feusounds.ait.co.at%2Fsamples_orc%2F884%2F385%2F985%2F884385985349%2F884385985349_thumb.jpg&size=LARGE&type=SOUND
Mona Lisa,,RBB AIT DISMARC,SOUND,austria,/2059202/ORCHARD_884385794323_1_1,-1,https://www.europeana.eu/api/v2/thumbnail-by-url.json?uri=http%3A%2F%2Feusounds.ait.co.at%2Fsamples_orc%2F884%2F385%2F794%2F884385794323%2F884385794323_thumb.jpg&size=LARGE&type=SOUND
Mona Lisa,,RBB AIT DISMARC,SOUND,austria,/2059202/ORCHARD_884385790110_1_8,-1,https://www.europeana.eu/api/v2/thumbnail-by-url.json?uri=http%3A%2F%2Feusounds.ait.co.at%2Fsamples_orc%2F884%2F385%2F790%2F884385790110%2F884385790110_thumb.jpg&size=LARGE&type=SOUND
Mona Lisa,,RBB AIT DISMARC,SOUND,austria,/2059202/ORCHARD_884385787417_1_20,-1,https://www.europeana.eu/api/v2/thumbnail-by-url.json?uri=http%3A%2F%2Feusounds.ait.co.at%2Fsamples_orc%2F884%2F385%2F787%2F884385787417%2F884385787417_thumb.jpg&size=LARGE&type=SOUND
Mona Lisa,,RBB AIT DISMARC,SOUND,austria,/2059202/ORCHARD_884385645915_1_10,-1,https://www.europeana.eu/api/v2/thumbnail-by-url.json?uri=http%3A%2F%2Feusounds.ait.co.at%2Fsamples_orc%2F884%2F385%2F645%2F884385645915%2F884385645915_thumb.jpg&size=LARGE&type=SOUND
Mona Lisa,,RBB AIT DISMARC,SOUND,austria,/2059202/ORCHARD_884385644611_1_1,-1,https://www.europeana.eu/api/v2/thumbnail-by-url.json?uri=http%3A%2F%2Feusounds.ait.co.at%2Fsamples_orc%2F884%2F385%2F644%2F884385644611%2F884385644611_thumb.jpg&size=LARGE&type=SOUND
Kashmir,,RBB AIT DISMARC,SOUND,austria,/2059202/ORCHARD_884385442187_1_9,-1,https://www.europeana.eu/api/v2/thumbnail-by-url.json?uri=http%3A%2F%2Feusounds.ait.co.at%2Fsamples_orc%2F884%2F385%2F442%2F884385442187%2F884385442187_thumb.jpg&size=LARGE&type=SOUND
Poor Tom,,RBB AIT DISMARC,SOUND,austria,/2059202/ORCHARD_884385442187_1_7,-1,https://www.europeana.eu/api/v2/thumbnail-by-url.json?uri=http%3A%2F%2Feusounds.ait.co.at%2Fsamples_orc%2F884%2F385%2F442%2F884385442187%2F884385442187_thumb.jpg&size=LARGE&type=SOUND
Tangerine,,RBB AIT DISMARC,SOUND,austria,/2059202/ORCHARD_884385442187_1_8,-1,https://www.europeana.eu/api/v2/thumbnail-by-url.json?uri=http%3A%2F%2Feusounds.ait.co.at%2Fsamples_orc%2F884%2F385%2F442%2F884385442187%2F884385442187_thumb.jpg&size=LARGE&type=SOUND
No Quarter,,RBB AIT DISMARC,SOUND,austria,/2059202/ORCHARD_884385442187_1_6,-1,https://www.europeana.eu/api/v2/thumbnail-by-url.json?uri=http%3A%2F%2Feusounds.ait.co.at%2Fsamples_orc%2F884%2F385%2F442%2F884385442187%2F884385442187_thumb.jpg&size=LARGE&type=SOUND
In My Time Of Dying,,RBB AIT DISMARC,SOUND,austria,/2059202/ORCHARD_884385442187_1_5,-1,https://www.europeana.eu/api/v2/thumbnail-by-url.json?uri=http%3A%2F%2Feusounds.ait.co.at%2Fsamples_orc%2F884%2F385%2F442%2F884385442187%2F884385442187_thumb.jpg&size=LARGE&type=SOUND
Four Sticks,,RBB AIT DISMARC,SOUND,austria,/2059202/ORCHARD_884385442187_1_4,-1,https://www.europeana.eu/api/v2/thumbnail-by-url.json?uri=http%3A%2F%2Feusounds.ait.co.at%2Fsamples_orc%2F884%2F385%2F442%2F884385442187%2F884385442187_thumb.jpg&size=LARGE&type=SOUND
The Rain Song,,RBB AIT DISMARC,SOUND,austria,/2059202/ORCHARD_884385442187_1_3,-1,https://www.europeana.eu/api/v2/thumbnail-by-url.json?uri=http%3A%2F%2Feusounds.ait.co.at%2Fsamples_orc%2F884%2F385%2F442%2F884385442187%2F884385442187_thumb.jpg&size=LARGE&type=SOUND
Gallows Pole,,RBB AIT DISMARC,SOUND,austria,/2059202/ORCHARD_884385442187_1_2,-1,https://www.europeana.eu/api/v2/thumbnail-by-url.json?uri=http%3A%2F%2Feusounds.ait.co.at%2Fsamples_orc%2F884%2F385%2F442%2F884385442187%2F884385442187_thumb.jpg&size=LARGE&type=SOUND
Immigrant Song,,RBB AIT DISMARC,SOUND,austria,/2059202/ORCHARD_884385442187_1_10,-1,https://www.europeana.eu/api/v2/thumbnail-by-url.json?uri=http%3A%2F%2Feusounds.ait.co.at%2Fsamples_orc%2F884%2F385%2F442%2F884385442187%2F884385442187_thumb.jpg&size=LARGE&type=SOUND
Wearing And Tearing,,RBB AIT DISMARC,SOUND,austria,/2059202/ORCHARD_884385442187_1_1,-1,https://www.europeana.eu/api/v2/thumbnail-by-url.json?uri=http%3A%2F%2Feusounds.ait.co.at%2Fsamples_orc%2F884%2F385%2F442%2F884385442187%2F884385442187_thumb.jpg&size=LARGE&type=SOUND
Mona Lisa,,RBB AIT DISMARC,SOUND,austria,/2059202/ORCHARD_884385049447_1_7,-1,https://www.europeana.eu/api/v2/thumbnail-by-url.json?uri=http%3A%2F%2Feusounds.ait.co.at%2Fsamples_orc%2F884%2F385%2F049%2F884385049447%2F884385049447_thumb.jpg&size=LARGE&type=SOUND
Mona Lisa,,RBB AIT DISMARC,SOUND,austria,/2059202/ORCHARD_843436059286_1_2,-1,https://www.europeana.eu/api/v2/thumbnail-by-url.json?uri=http%3A%2F%2Feusounds.ait.co.at%2Fsamples_orc%2F843%2F436%2F059%2F843436059286%2F843436059286_thumb.jpg&size=LARGE&type=SOUND
Medan Mona Lisa Flinar,,RBB AIT DISMARC,SOUND,austria,/2059202/ORCHARD_829410259385_1_1,-1,https://www.europeana.eu/api/v2/thumbnail-by-url.json?uri=http%3A%2F%2Feusounds.ait.co.at%2Fsamples_orc%2F829%2F410%2F259%2F829410259385%2F829410259385_thumb.jpg&size=LARGE&type=SOUND
Sad Mona Lisa,,RBB AIT DISMARC,SOUND,austria,/2059202/FIRR_884385541125_1_22,-1,https://www.europeana.eu/api/v2/thumbnail-by-url.json?uri=http%3A%2F%2Feusounds.ait.co.at%2Fsamples_orc%2F884%2F385%2F541%2F884385541125%2F884385541125_thumb.jpg&size=LARGE&type=SOUND
Sad Mona Lisa,,RBB AIT DISMARC,SOUND,austria,/2059202/FIRR_829410531870_1_9,-1,https://www.europeana.eu/api/v2/thumbnail-by-url.json?uri=http%3A%2F%2Feusounds.ait.co.at%2Fsamples_orc%2F829%2F410%2F531%2F829410531870%2F829410531870_thumb.jpg&size=LARGE&type=SOUND
Mona Lisa,,RBB AIT DISMARC,SOUND,austria,/2059202/ARRA_884385863715_1_31,-1,https://www.europeana.eu/api/v2/thumbnail-by-url.json?uri=http%3A%2F%2Feusounds.ait.co.at%2Fsamples_orc%2F884%2F385%2F863%2F884385863715%2F884385863715_thumb.jpg&size=LARGE&type=SOUND
"Museum Louvre, Mona Lisa als Ziel für Amateurfotografen aus allen Ländern, die in langer Schlange vor dem Bild warten","Gerig, Uwe (Fotograf)",Deutsche Fotothek,IMAGE,germany,/2048409/item_I6SMQIKEHW653BZXBZBINVQ6LVD7HY2M,2005,https://www.europeana.eu/api/v2/thumbnail-by-url.json?uri=http%3A%2F%2Ffotothek.slub-dresden.de%2Ffotos%2Fdf%2Fge%2F0005000%2Fdf_ge_0005562.jpg&size=LARGE&type=IMAGE
"Museum Louvre, Besucher fotografieren vor dem Bild der Mona Lisa","Gerig, Uwe (Fotograf)",Deutsche Fotothek,IMAGE,germany,/2048419/item_OPLRCRD7N4KU2NGZIZ56DNUNTKY2LVP5,2005,https://www.europeana.eu/api/v2/thumbnail-by-url.json?uri=http%3A%2F%2Ffotothek.slub-dresden.de%2Ffotos%2Fdf%2Fge%2F0005000%2Fdf_ge_0005555.jpg&size=LARGE&type=IMAGE
"Museum Louvre, Mona Lisa hinter Panzerglas, im Visir von Digitalfotografen","Gerig, Uwe (Fotograf)",Deutsche Fotothek,IMAGE,germany,/2048410/item_LG26KH6BU3JZBNLKDLK5WNR7ZXF7AWJ2,2005,https://www.europeana.eu/api/v2/thumbnail-by-url.json?uri=http%3A%2F%2Ffotothek.slub-dresden.de%2Ffotos%2Fdf%2Fge%2F0005000%2Fdf_ge_0005559.jpg&size=LARGE&type=IMAGE
"Museum Louvre, Mona Lisa als Ziel für Digitalfoto-Amateure","Gerig, Uwe (Fotograf)",Deutsche Fotothek,IMAGE,germany,/2048410/item_IMZTQ2QDKR5U6QGAPDT6V4HPAO7WBWCP,2005,https://www.europeana.eu/api/v2/thumbnail-by-url.json?uri=http%3A%2F%2Ffotothek.slub-dresden.de%2Ffotos%2Fdf%2Fge%2F0005000%2Fdf_ge_0005563.jpg&size=LARGE&type=IMAGE
Mona Lisa - 2000,"Jansong, Joachim",Deutsche Fotothek,IMAGE,germany,/2048408/item_KYHBJXWNWCRNAI4TVYOLF2B5UHI3I4D7,1977,https://www.europeana.eu/api/v2/thumbnail-by-url.json?uri=http%3A%2F%2Ffotothek.slub-dresden.de%2Ffotos%2Fdf%2Fhauptkatalog%2F0190000%2Fdf_hauptkatalog_0190407.jpg&size=LARGE&type=IMAGE
Leonardo da Vinci. Mona Lisa,"Photographer unknown Da Vinci, Leonardo (original work) http://data.europeana.eu/agent/base/146741",KU Leuven,IMAGE,belgium,/2024903/photography_ProvidedCHO_KU_Leuven_009111378,-1,https://www.europeana.eu/api/v2/thumbnail-by-url.json?uri=http%3A%2F%2Fresolver.libis.be%2F2222438%2Fstream&size=LARGE&type=IMAGE
"Pair of shoes, Gucci, Italy, 1960s.   ",Gucci,Victoria and Albert Museum,IMAGE,united kingdom,/2048213/item_O320051,-1,https://www.europeana.eu/api/v2/thumbnail-by-url.json?uri=http%3A%2F%2Fmedia.vam.ac.uk%2Fmedia%2Fthira%2Fcollection_images%2F2014GW%2F2014GW1915_jpg_l.jpg&size=LARGE&type=IMAGE
"Leather bag with bamboo handle, strap and cover, Gucci, Italy, ca. 1969. Bag of green leather with a bamboo handle, and green strap and cover. Top-handle bag with a bamboo handle, gilt turn-lock fastenings, and inset green and red striped grosgrain strips. Leather with a bamboo handle, gilt fastenings, and striped grosgrain strips. ",Gucci (Designer),Victoria and Albert Museum,IMAGE,united kingdom,/2048213/item_O1172181,-1,https://www.europeana.eu/api/v2/thumbnail-by-url.json?uri=http%3A%2F%2Frepos.europeanafashion.eu%2Fext2%2FVictoria%2520and%2520Albert%2520Museum%2Fba%2Fba446dfebc74120065b88b4b07a99753.jpg&size=LARGE&type=IMAGE
News through objective lens Cronaca con l'obiettivo SERIES TITLE: Horizon film magazine Orizzonte cinematografico,,LUCE,VIDEO,italy,/2051933/data_euscreenXL_EUS_1D31C0C11CCD79222CA311889522279D,-1,https://www.europeana.eu/api/v2/thumbnail-by-url.json?uri=http%3A%2F%2Fimages3.noterik.com%2Fdomain%2Feuscreenxl%2Fuser%2Feu_luce%2Fvideo%2FEUS_1D31C0C11CCD79222CA311889522279D%2Fimage.jpg&size=LARGE&type=VIDEO
"Postřehy odjinud - Itálie očima Milana Fridricha - Florencie, perla renesance",,ČT,VIDEO,czech republic,/2051945/data_euscreenXL_http___www_ceskatelevize_cz_ivysilani_1061958448_postrehy_odjinud_403235100051008_italie_ocima_milana_fridricha_florencie_perla_renesance_,-1,https://www.europeana.eu/api/v2/thumbnail-by-url.json?uri=http%3A%2F%2Fimg.ceskatelevize.cz%2Fprogram%2Fporady%2F1061958448%2Ffoto%2Funi_403235100051008.jpg&size=LARGE&type=VIDEO
Minuta v muzeu - Nejslavnější obraz Leonarda da Vinciho Mona Lisa,,ČT,VIDEO,czech republic,/2051945/data_euscreenXL_http___www_ceskatelevize_cz_ivysilani_10175381991_minuta_v_muzeu_208552117270033_nejslavnejsi_obraz_leonarda_da_vinciho_mona_lisa_,-1,https://www.europeana.eu/api/v2/thumbnail-by-url.json?uri=http%3A%2F%2Fimg.ceskatelevize.cz%2Fivysilani%2Fepisodes%2Fphotos%2Fw512%2F10175381991%2F124194.jpg&size=LARGE&type=VIDEO
Prizma,,ČT,VIDEO,czech republic,/2051945/data_euscreenXL_http___www_ceskatelevize_cz_ivysilani_10095523948_prizma_211411058100023_,-1,https://www.europeana.eu/api/v2/thumbnail-by-url.json?uri=http%3A%2F%2Fimg.ceskatelevize.cz%2Fprogram%2Fporady%2F10095523948%2Ffoto%2Funi.jpg&size=LARGE&type=VIDEO
Divendres: Origens catalans de la Mona Lisa,,TV3 Televisió de Catalunya (TVC),VIDEO,spain,/2051922/data_euscreenXL_4282073,21..,https://www.europeana.eu/api/v2/thumbnail-by-url.json?uri=http%3A%2F%2Fstatics.ccma.cat%2Fmultimedia%2Fjpg%2F3%2F4%2F1349886400243.jpg&size=LARGE&type=VIDEO
Buscant el rastre de la Mona Lisa,,TV3 Televisió de Catalunya (TVC),VIDEO,spain,/2051922/data_euscreenXL_4270890,21..,https://www.europeana.eu/api/v2/thumbnail-by-url.json?uri=http%3A%2F%2Fstatics.ccma.cat%2Fmultimedia%2Fjpg%2F0%2F1%2F1349275503810.jpg&size=LARGE&type=VIDEO
Els matins: Noves revelacions sobre la Gioconda: Està inspirada en l'amant de Da Vinci,,TV3 Televisió de Catalunya (TVC),VIDEO,spain,/2051922/data_euscreenXL_3359890,2011,https://www.europeana.eu/api/v2/thumbnail-by-url.json?uri=http%3A%2F%2Fstatics.ccma.cat%2Fmultimedia%2Fjpg%2F4%2F0%2F1297171795804.jpg&size=LARGE&type=VIDEO
Muzeum Sztuk Pięknych w Warszawie. Galeria w Domu Neprosa przy ul. Wierzbowej 11 - fragment ekspozycji malarstwa włoskiego,,Muzeum Narodowe w Warszawie,IMAGE,poland,/094041/_nntrWvZ,-1,https://www.europeana.eu/api/v2/thumbnail-by-url.json?uri=http%3A%2F%2Fcyfrowe.mnw.art.pl%2FContent%2F2591%2Fdi61382.jpg&size=LARGE&type=IMAGE
"""Lionardo da Vinci. Portrait de Mona Lisa (La Joconde)"" [""Portret Mony Lizy"", obraz Leonarda da Vinci (olej, 1503-1505) z kolekcji Muzeum Luwru]; 
fotografia z serii: ""La Galerie de tableaux du musée impérial du Louvre à Paris. Photographies d'après les tableaux originaux...""",,Muzeum Narodowe w Warszawie,IMAGE,poland,/094041/_nntr6sf,19..,https://www.europeana.eu/api/v2/thumbnail-by-url.json?uri=http%3A%2F%2Fcyfrowe.mnw.art.pl%2FContent%2F2459%2Fdi56783.jpg&size=LARGE&type=IMAGE
Mona Lisa w sleepingu,"Janisch, Jerzy (1901-1962)",Muzeum Narodowe w Warszawie,IMAGE,poland,/094041/_nn0Wq58,1939,https://www.europeana.eu/api/v2/thumbnail-by-url.json?uri=http%3A%2F%2Fcyfrowe.mnw.art.pl%2FContent%2F34809%2Frysw190.jpg&size=LARGE&type=IMAGE
tableau ; PORTRAIT DE MONA LISA (1479-1528) ; DITE LA JOCONDE,,"Ministère de la culture et de la communication, Musées de France",IMAGE,france,/03919/public_mistral_joconde_fr_ACTION_CHERCHER_FIELD_1_REF_VALUE_1_000PE025604,-1,https://www.europeana.eu/api/v2/thumbnail-by-url.json?uri=http%3A%2F%2Fwww.culture.gouv.fr%2FWave%2Fimage%2Fjoconde%2F0372%2Fm503604_00-010164_p.jpg&size=LARGE&type=IMAGE
A Nap-kelte sztárszínpadán a Mona Lisa együttes,,NAVA,VIDEO,hungary,/2051912/data_euscreenXL_81106,21..,https://www.europeana.eu/api/v2/thumbnail-by-url.json?uri=http%3A%2F%2Fkeyframe.nava.hu%2Fallframe%2F2006%2F04%2F02%2Fm1-3026%2Fm1-3026-00454500.jpg&size=LARGE&type=VIDEO
Oslo: Utstillingen Kvinnens Verden 17. mai. 1956 · Filmavisen 1956,,NRK,VIDEO,norway,/2051944/data_euscreenXL_5002237,20..,https://www.europeana.eu/api/v2/thumbnail-by-url.json?uri=https%3A%2F%2Fgfx.nrk.no%2FPbU3ihJjSY-KH_VEQG0cYwczA9cIakUTmkdaTe-KOCJg&size=LARGE&type=VIDEO
Divulgação da Arquitectura Promoting Arquitecture As Pedras e o Homem Clip title:  SERIES TITLE: Stones and Man Season:1 Episode:1,,RTP,VIDEO,portugal,/2051938/data_euscreenXL_EUS_B1F792BB888A704E5180AD9BEAA05033,20..,https://www.europeana.eu/api/v2/thumbnail-by-url.json?uri=http%3A%2F%2Fimages3.noterik.com%2Fdomain%2Feuscreenxl%2Fuser%2Feu_rtp%2Fvideo%2FEUS_B1F792BB888A704E5180AD9BEAA05033%2Fimage.jpg&size=LARGE&type=VIDEO
Neil Jordan Plays Guitar Clip title: Neil Jordan Plays Guitar in Opening Sequence SERIES TITLE: Anthology Anthology,,RTÉ,VIDEO,ireland,/2051925/data_euscreenXL_EUS_2C797A617EDB05DA67759D44B125535C,1970,https://www.europeana.eu/api/v2/thumbnail-by-url.json?uri=http%3A%2F%2Fimages3.noterik.com%2Fdomain%2Feuscreenxl%2Fuser%2Feu_rte%2Fvideo%2FEUS_2C797A617EDB05DA67759D44B125535C%2Fshots%2F1%2Fh%2F0%2Fm%2F0%2Fsec30.jpg&size=LARGE&type=VIDEO
Qui est vraiment Mona Lisa ?,,RTBF,VIDEO,belgium,/2051911/data_euscreenXL_1844755,2013,https://www.europeana.eu/api/v2/thumbnail-by-url.json?uri=http%3A%2F%2Fds1.ds.static.rtbf.be%2F%2Fmedia%2Fvideo%2Fthumbnails%2F184%2F475%2F5%2F9e5e93f8d8d49400074ce5a520d41d7c%2F%2Fmedium.jpg&size=LARGE&type=VIDEO
Qui est vraiment Mona Lisa ?,,RTBF,VIDEO,belgium,/2051911/data_euscreenXL_1844728,2013,https://www.europeana.eu/api/v2/thumbnail-by-url.json?uri=http%3A%2F%2Fds1.ds.static.rtbf.be%2F%2Fmedia%2Fvideo%2Fthumbnails%2F184%2F472%2F8%2Fe3744ecd0926f37929b0333ffc2eb23f%2F%2Fmedium.jpg&size=LARGE&type=VIDEO
Une copie de la Joconde à Madrid - Mona Lisa plus jeune et plus souriante: une toile de Léonard de Vinci a été découverte dans les réserves du Prado.,,RTBF,VIDEO,belgium,/2051911/data_euscreenXL_1605033,21..,https://www.europeana.eu/api/v2/thumbnail-by-url.json?uri=http%3A%2F%2Fds1.ds.static.rtbf.be%2F%2Fmedia%2Fvideo%2Fthumbnails%2F160%2F503%2F3%2F63f12ee0d64223de4dc1cf598ae0622b%2F%2Fmedium.jpg&size=LARGE&type=VIDEO
Krysset mellom Kaibakken og Storgata på Kirkelandet i Kristiansund,,Stiftelsen Nordmøre Museum,IMAGE,norway,/2022608/SNM_KMb_1992_020_0002,-1,https://www.europeana.eu/api/v2/thumbnail-by-url.json?uri=http%3A%2F%2Fmm.dimu.no%2Fimage%2F032wazo67oXv%3Fdimension%3D800x800&size=LARGE&type=IMAGE
Retrato de Mona Lisa,"Laurent, J. (1816-1886)",Instituto del Patrimonio Cultural de España,IMAGE,spain,/2022709/oai_fototeca_mcu_es_fototeca_RUIZ_20VERNACCI_VN_01988,-1,https://www.europeana.eu/api/v2/thumbnail-by-url.json?uri=http%3A%2F%2Fwww.mcu.es%2Ffototeca_patrimonio%2FVisor%3FusarVisorMCU%3Dfalse%26archivo%3DRUIZ%2520VERNACCI%2Fpreview%2FVN-01988_P.jpg&size=LARGE&type=IMAGE
"Padi seeriast ""Pehmed sõnumid""",,Eesti Tarbekunsti- ja Disainimuuseum,IMAGE,estonia,/2048044/Athena_Plus_ProvidedCHO_Eesti_Tarbekunsti__ja_Disainimuuseum_351907,-1,https://www.europeana.eu/api/v2/thumbnail-by-url.json?uri=http%3A%2F%2Fwww.muis.ee%2FOAIService%2FImageServlet%3Fthumb%3Dfalse%26id%3D1092909&size=LARGE&type=IMAGE
Du dummer kleiner Korporal,,Gesellschaft für Historische Tonträger; Austria,SOUND,europe,/2023601/oai_eu_dismarc_GHT_001_P13019A25095,-1,https://www.europeana.eu/api/v2/thumbnail-by-url.json?uri=http%3A%2F%2Fwww.dismarc-audio.org%2FGHT%2FGHT001%2F002_719_a.jpg&size=LARGE&type=SOUND
"Warum lächelst du, Mona Lisa?",,Gesellschaft für Historische Tonträger; Austria,SOUND,europe,/2023601/oai_eu_dismarc_GHT_001_P13019A25096,-1,https://www.europeana.eu/api/v2/thumbnail-by-url.json?uri=http%3A%2F%2Fwww.dismarc-audio.org%2FGHT%2FGHT001%2F002_719_b.jpg&size=LARGE&type=SOUND
Duett Mona Lisa-Giovanni,,Gesellschaft für Historische Tonträger; Austria,SOUND,europe,/2023601/oai_eu_dismarc_GHT_001_0P8830A17021,-1,https://www.europeana.eu/api/v2/thumbnail-by-url.json?uri=http%3A%2F%2Fwww.dismarc-audio.org%2FGHT%2FGHT001%2F001_8904_b.jpg&size=LARGE&type=SOUND
Duett Mona Lisa-Giovanni,,Gesellschaft für Historische Tonträger; Austria,SOUND,europe,/2023601/oai_eu_dismarc_GHT_001_0P8830A17020,-1,https://www.europeana.eu/api/v2/thumbnail-by-url.json?uri=http%3A%2F%2Fwww.dismarc-audio.org%2FGHT%2FGHT001%2F001_8904_a.jpg&size=LARGE&type=SOUND
"Warum lächelst du, Mona Lisa?",,Gesellschaft für Historische Tonträger; Austria,SOUND,europe,/2023601/oai_eu_dismarc_GHT_001_0P6111A11884,-1,https://www.europeana.eu/api/v2/thumbnail-by-url.json?uri=http%3A%2F%2Fwww.dismarc-audio.org%2FGHT%2FGHT001%2F001_6180_b.jpg&size=LARGE&type=SOUND
"Du dummer, kleiner Korporal",,Gesellschaft für Historische Tonträger; Austria,SOUND,europe,/2023601/oai_eu_dismarc_GHT_001_0P6111A11883,-1,https://www.europeana.eu/api/v2/thumbnail-by-url.json?uri=http%3A%2F%2Fwww.dismarc-audio.org%2FGHT%2FGHT001%2F001_6180_a.jpg&size=LARGE&type=SOUND
"Warum lächelst du, Mona Lisa?",,Gesellschaft für Historische Tonträger; Austria,SOUND,europe,/2023601/oai_eu_dismarc_GHT_001_0P5968A11616,-1,https://www.europeana.eu/api/v2/thumbnail-by-url.json?uri=http%3A%2F%2Fwww.dismarc-audio.org%2FGHT%2FGHT001%2F001_6037_a.jpg&size=LARGE&type=SOUND
"Du dummer, kleiner Korporal",,Gesellschaft für Historische Tonträger; Austria,SOUND,europe,/2023601/oai_eu_dismarc_GHT_001_0P5968A11617,-1,https://www.europeana.eu/api/v2/thumbnail-by-url.json?uri=http%3A%2F%2Fwww.dismarc-audio.org%2FGHT%2FGHT001%2F001_6037_b.jpg&size=LARGE&type=SOUND
Du dummer kleiner Korporal,,Gesellschaft für Historische Tonträger; Austria,SOUND,europe,/2023601/oai_eu_dismarc_GHT_001_0P5541A10781,-1,https://www.europeana.eu/api/v2/thumbnail-by-url.json?uri=http%3A%2F%2Fwww.dismarc-audio.org%2FGHT%2FGHT001%2F001_5608_b.jpg&size=LARGE&type=SOUND
"Warum lächelst du, Mona Lisa?",,Gesellschaft für Historische Tonträger; Austria,SOUND,europe,/2023601/oai_eu_dismarc_GHT_001_0P5541A10780,-1,https://www.europeana.eu/api/v2/thumbnail-by-url.json?uri=http%3A%2F%2Fwww.dismarc-audio.org%2FGHT%2FGHT001%2F001_5608_a.jpg&size=LARGE&type=SOUND
"Mona Lisa Gioconda, Op.29 (Różycki, Ludomir)","http://imslp.org/wiki/Category:Różycki,_Ludomir",IMSLP/Petrucci Music Library,TEXT,netherlands,/2059210/data_sounds_http___imslp_org_wiki_Mona_Lisa_Gioconda__Op_29__R__ycki__Ludomir_,1911,
kvinnoporträtt,"Kallos, Lisa","Kulturmagasinet, Helsingborgs museer",IMAGE,sweden,/916116/HeM_delfotografi_659547,-1,https://www.europeana.eu/api/v2/thumbnail-by-url.json?uri=http%3A%2F%2Fmuseum.helsingborg.se%2Fweb%2Fimage%2Fzoom%2F938455%2F5105_2013_6.jpg&size=LARGE&type=IMAGE
kvinnoporträtt,"Kallos, Lisa","Kulturmagasinet, Helsingborgs museer",IMAGE,sweden,/916116/HeM_delfotografi_659544,-1,https://www.europeana.eu/api/v2/thumbnail-by-url.json?uri=http%3A%2F%2Fmuseum.helsingborg.se%2Fweb%2Fimage%2Fzoom%2F938445%2F5104_2013_16.jpg&size=LARGE&type=IMAGE
kvinnoporträtt,"Kallos, Lisa","Kulturmagasinet, Helsingborgs museer",IMAGE,sweden,/916116/HeM_delfotografi_659541,-1,https://www.europeana.eu/api/v2/thumbnail-by-url.json?uri=http%3A%2F%2Fmuseum.helsingborg.se%2Fweb%2Fimage%2Fzoom%2F938435%2F5103_2013_5.jpg&size=LARGE&type=IMAGE
kvinnoporträtt,"Kallos, Lisa","Kulturmagasinet, Helsingborgs museer",IMAGE,sweden,/916116/HeM_delfotografi_659539,-1,https://www.europeana.eu/api/v2/thumbnail-by-url.json?uri=http%3A%2F%2Fmuseum.helsingborg.se%2Fweb%2Fimage%2Fzoom%2F938425%2F5102_2013_3.jpg&size=LARGE&type=IMAGE
kvinnoporträtt,"Kallos, Lisa","Kulturmagasinet, Helsingborgs museer",IMAGE,sweden,/916116/HeM_delfotografi_659536,-1,https://www.europeana.eu/api/v2/thumbnail-by-url.json?uri=http%3A%2F%2Fmuseum.helsingborg.se%2Fweb%2Fimage%2Fzoom%2F938415%2F5101_2013_4.jpg&size=LARGE&type=IMAGE
kvinnoporträtt,"Kallos, Lisa","Kulturmagasinet, Helsingborgs museer",IMAGE,sweden,/916116/HeM_delfotografi_659532,-1,https://www.europeana.eu/api/v2/thumbnail-by-url.json?uri=http%3A%2F%2Fmuseum.helsingborg.se%2Fweb%2Fimage%2Fzoom%2F938405%2F5100_2013_3.jpg&size=LARGE&type=IMAGE
"kvinnoporträtt, grupporträtt","Kallos, Lisa","Kulturmagasinet, Helsingborgs museer",IMAGE,sweden,/916116/HeM_delfotografi_659528,-1,https://www.europeana.eu/api/v2/thumbnail-by-url.json?uri=http%3A%2F%2Fmuseum.helsingborg.se%2Fweb%2Fimage%2Fzoom%2F938395%2F5099_2013_2.jpg&size=LARGE&type=IMAGE
kvinnoporträtt,"Kallos, Lisa","Kulturmagasinet, Helsingborgs museer",IMAGE,sweden,/916116/HeM_delfotografi_659523,-1,https://www.europeana.eu/api/v2/thumbnail-by-url.json?uri=http%3A%2F%2Fmuseum.helsingborg.se%2Fweb%2Fimage%2Fzoom%2F938385%2F5098_2013_2.jpg&size=LARGE&type=IMAGE
"kvinnoporträtt, mansporträtt, grupporträtt","Kallos, Lisa","Kulturmagasinet, Helsingborgs museer",IMAGE,sweden,/916116/HeM_delfotografi_659497,-1,https://www.europeana.eu/api/v2/thumbnail-by-url.json?uri=http%3A%2F%2Fmuseum.helsingborg.se%2Fweb%2Fimage%2Fzoom%2F938375%2F5097_2013_2.jpg&size=LARGE&type=IMAGE
"grupporträtt, kvinnoporträtt","Kallos, Lisa","Kulturmagasinet, Helsingborgs museer",IMAGE,sweden,/916116/HeM_delfotografi_659337,-1,https://www.europeana.eu/api/v2/thumbnail-by-url.json?uri=http%3A%2F%2Fmuseum.helsingborg.se%2Fweb%2Fimage%2Fzoom%2F938365%2F5096_2013_2.jpg&size=LARGE&type=IMAGE
"kvinnoporträtt, grupporträtt","Kallos, Lisa","Kulturmagasinet, Helsingborgs museer",IMAGE,sweden,/916116/HeM_delfotografi_657350,-1,https://www.europeana.eu/api/v2/thumbnail-by-url.json?uri=http%3A%2F%2Fmuseum.helsingborg.se%2Fweb%2Fimage%2Fzoom%2F938345%2F5094_2013_2.jpg&size=LARGE&type=IMAGE
kvinnoporträtt,"Kallos, Lisa","Kulturmagasinet, Helsingborgs museer",IMAGE,sweden,/916116/HeM_delfotografi_657352,-1,https://www.europeana.eu/api/v2/thumbnail-by-url.json?uri=http%3A%2F%2Fmuseum.helsingborg.se%2Fweb%2Fimage%2Fzoom%2F938355%2F5095_2013_2.jpg&size=LARGE&type=IMAGE
kvinnoporträtt,"Kallos, Lisa","Kulturmagasinet, Helsingborgs museer",IMAGE,sweden,/916116/HeM_delfotografi_657346,-1,https://www.europeana.eu/api/v2/thumbnail-by-url.json?uri=http%3A%2F%2Fmuseum.helsingborg.se%2Fweb%2Fimage%2Fzoom%2F938335%2F5093_2013_1.jpg&size=LARGE&type=IMAGE
"grupporträtt, kvinnoporträtt","Kallos, Lisa","Kulturmagasinet, Helsingborgs museer",IMAGE,sweden,/916116/HeM_delfotografi_657343,-1,https://www.europeana.eu/api/v2/thumbnail-by-url.json?uri=http%3A%2F%2Fmuseum.helsingborg.se%2Fweb%2Fimage%2Fzoom%2F938325%2F5092_2013_1.jpg&size=LARGE&type=IMAGE
"grupporträtt, kvinnoporträtt","Kallos, Lisa","Kulturmagasinet, Helsingborgs museer",IMAGE,sweden,/916116/HeM_delfotografi_657341,-1,https://www.europeana.eu/api/v2/thumbnail-by-url.json?uri=http%3A%2F%2Fmuseum.helsingborg.se%2Fweb%2Fimage%2Fzoom%2F938315%2F5091_2013_1.jpg&size=LARGE&type=IMAGE
kvinnoporträtt,"Kallos, Lisa","Kulturmagasinet, Helsingborgs museer",IMAGE,sweden,/916116/HeM_delfotografi_657339,-1,https://www.europeana.eu/api/v2/thumbnail-by-url.json?uri=http%3A%2F%2Fmuseum.helsingborg.se%2Fweb%2Fimage%2Fzoom%2F938305%2F5090_2013_1.jpg&size=LARGE&type=IMAGE
"grupporträtt, kvinnoporträtt","Kallos, Lisa","Kulturmagasinet, Helsingborgs museer",IMAGE,sweden,/916116/HeM_delfotografi_657336,-1,https://www.europeana.eu/api/v2/thumbnail-by-url.json?uri=http%3A%2F%2Fmuseum.helsingborg.se%2Fweb%2Fimage%2Fzoom%2F938295%2F5089_2013_1.jpg&size=LARGE&type=IMAGE
kvinnoporträtt,"Kallos, Lisa","Kulturmagasinet, Helsingborgs museer",IMAGE,sweden,/916116/HeM_delfotografi_657334,-1,https://www.europeana.eu/api/v2/thumbnail-by-url.json?uri=http%3A%2F%2Fmuseum.helsingborg.se%2Fweb%2Fimage%2Fzoom%2F938285%2F5088_2013_1.jpg&size=LARGE&type=IMAGE
Vol de la Joconde,MAURICE-LOUIS BRANGER (1874-1950),Parisienne de Photographie,IMAGE,france,/2024913/photography_ProvidedCHO_Parisienne_de_Photographie_72467_24,1911,https://www.europeana.eu/api/v2/thumbnail-by-url.json?uri=http%3A%2F%2Feuropeana.parisiennedephotographie.fr%2FSSEU%2FFiles%2Fd3d8e784f76d49ac58ba4a7c3663a281635c83709fdbdc96d705f4ea39462ff5&size=LARGE&type=IMAGE
La Joconde,MAURICE-LOUIS BRANGER (1874-1950),Parisienne de Photographie,IMAGE,france,/2024913/photography_ProvidedCHO_Parisienne_de_Photographie_72467_23,1911,https://www.europeana.eu/api/v2/thumbnail-by-url.json?uri=http%3A%2F%2Feuropeana.parisiennedephotographie.fr%2FSSEU%2FFiles%2F9fdd6afd5d9ecacd7f3f53cdffbd507934f8c3fcec91fbdc5a83d3f14c0b8b71&size=LARGE&type=IMAGE
"Roma, Galleria Corsini - La Gioconda, copia da un quadro di Leonardo da Vinci","Brogi, Carlo ",Museum für Kunst und Gewerbe Hamburg,IMAGE,germany,/2048429/item_HJ2GR3EKRXTCJUQPXVVCY7SGLYL44PEZ,-1,https://www.europeana.eu/api/v2/thumbnail-by-url.json?uri=http%3A%2F%2Fdigicult-web.digicult-verbund.de%2Fentity-resources%2Fimages%2Fdigicult-web-mkg%2F1%2FP2011.14.jpg&size=LARGE&type=IMAGE
The Whybirds Live at Danny's Bar on 2012-02-03 2012-02-03 - Danny's Bar 2012-02-03 - Danny's Bar,The Whybirds,Internet Archive,SOUND,netherlands,/2059210/data_sounds_whybirds2012_02_03_cmc2,2012,
The Whybirds Live at The Troubadour on 2010-07-16 2010-07-16 - The Troubadour,The Whybirds,Internet Archive,SOUND,netherlands,/2059210/data_sounds_whybirds2010_07_16_cmc2,2010,
The Whybirds Live at The Barfly on 2010-01-31 2010-01-31 - The Barfly,The Whybirds,Internet Archive,SOUND,netherlands,/2059210/data_sounds_whybirds2010_01_31_cmc2,2010,
The Whybirds Live at The Garage on 2009-11-07 2009-11-07 The Garage,The Whybirds,Internet Archive,SOUND,netherlands,/2059210/data_sounds_whybirds2009_11_07_cmc2,21..,
The Whybirds Live at Water Rats on 2009-07-25 2009-07-25 - Water Rats,The Whybirds,Internet Archive,SOUND,netherlands,/2059210/data_sounds_whybirds2009_07_25_at933,21..,
The Whybirds Live at South Of The Border on 2009-02-19 2009-02-19 - South Of The Border,The Whybirds,Internet Archive,SOUND,netherlands,/2059210/data_sounds_whybirds2009_02_19_at933_flac16,21..,
Mother Hips Live at The Coach House on 2010-04-10 2010-04-10 - The Coach House 2010-04-10 - The Coach House,Mother Hips,Internet Archive,SOUND,netherlands,/2059210/data_sounds_mh2010_04_10_matrix,2010,
Guster Live at Wellmont Theatre on 2011-11-25 2011-11-25 - Wellmont Theatre,Guster http://data.europeana.eu/agent/base/148438,Internet Archive,SOUND,netherlands,/2059210/data_sounds_guster2011_11_25_km201_flac24,21..,
"Guster Live at University of Rochester on 2007-10-05 2007-10-05 University of Rochester Rochester, NY",Guster http://data.europeana.eu/agent/base/148438,Internet Archive,SOUND,netherlands,/2059210/data_sounds_guster2007_10_05_flac16,21..,
Guster Live at Viv's House on 2000-07-02 2000-07-02 - Viv's House 2000-07-02 - Viv's House,Guster http://data.europeana.eu/agent/base/148438,Internet Archive,SOUND,netherlands,/2059210/data_sounds_guster2000_07_02_shnf,2000,
Guster Live at College of the Holy Cross on 1997-12-08 1997-12-08 - College of the Holy Cross 1997-12-08 - College of the Holy Cross,Guster http://data.europeana.eu/agent/base/148438,Internet Archive,SOUND,netherlands,/2059210/data_sounds_guster1997_12_08_flac16,1997,
Guster Live at Clutch Cargo's on 2003-03-27 2003-03-27 - Clutch Cargo's,Guster http://data.europeana.eu/agent/base/148438,Internet Archive,SOUND,netherlands,/2059210/data_sounds_gus2003_03_27_c1000_shnf,21..,
Guster Live at Orpheum Theatre on 2002-12-05 2002-12-05 - Orpheum Theatre 2002-12-05 - Orpheum Theatre,Guster http://data.europeana.eu/agent/base/148438,Internet Archive,SOUND,netherlands,/2059210/data_sounds_gus2002_12_05_at853_shnf,2002,
Guster Live at Princeton University on 1997-10-04 1997-10-04 - Princeton University 1997-10-04 - Princeton University,Guster http://data.europeana.eu/agent/base/148438,Internet Archive,SOUND,netherlands,/2059210/data_sounds_gus1997_10_04_shnf,1997,
Greenstreet Live at Stadium on 2002-11-22 2002-11-22 - Stadium 2002-11-22 - Stadium,Greenstreet,Internet Archive,SOUND,netherlands,/2059210/data_sounds_greenstreet2002_11_22_shnf,2002,
Mona Lisa,Heidi Maasikmets,Eesti Rahvusringhääling,IMAGE,estonia,/2023836/guid_201303041925160010010002081001517C41A040000005628B00000D0F049189,-1,https://www.europeana.eu/api/v2/thumbnail-by-url.json?uri=http%3A%2F%2Farhiiv.err.ee%2Fthumbnail%2F201303041925160010010002081001517C41A040000005628B00000D0F049189&size=LARGE&type=IMAGE
Mona Lisa,Heidi Maasikmets,Eesti Rahvusringhääling,IMAGE,estonia,/2023836/guid_201303041925160010010002081001517C41A040000005628B00000D0F049188,-1,https://www.europeana.eu/api/v2/thumbnail-by-url.json?uri=http%3A%2F%2Farhiiv.err.ee%2Fthumbnail%2F201303041925160010010002081001517C41A040000005628B00000D0F049188&size=LARGE&type=IMAGE
Mona Lisa,Heidi Maasikmets,Eesti Rahvusringhääling,IMAGE,estonia,/2023836/guid_201303041925160010010002081001517C41A040000005628B00000D0F049187,-1,https://www.europeana.eu/api/v2/thumbnail-by-url.json?uri=http%3A%2F%2Farhiiv.err.ee%2Fthumbnail%2F201303041925160010010002081001517C41A040000005628B00000D0F049187&size=LARGE&type=IMAGE
Mona Lisa,Heidi Maasikmets,Eesti Rahvusringhääling,IMAGE,estonia,/2023836/guid_201303041925159010010002081001517C41A040000005628B00000D0F033896,-1,https://www.europeana.eu/api/v2/thumbnail-by-url.json?uri=http%3A%2F%2Farhiiv.err.ee%2Fthumbnail%2F201303041925159010010002081001517C41A040000005628B00000D0F033896&size=LARGE&type=IMAGE
Mona Lisa,Heidi Maasikmets,Eesti Rahvusringhääling,IMAGE,estonia,/2023836/guid_201303041925159010010002081001517C41A040000005628B00000D0F033895,-1,https://www.europeana.eu/api/v2/thumbnail-by-url.json?uri=http%3A%2F%2Farhiiv.err.ee%2Fthumbnail%2F201303041925159010010002081001517C41A040000005628B00000D0F033895&size=LARGE&type=IMAGE
Ennio Marchetto as Mona Lisa - photograph,Chalky Whyte (photographer),Battersea Arts Centre,IMAGE,united kingdom,/2048087/ProvidedCHO_Battersea_Arts_Centre_PHOTOS_91_92_94_037,-1,https://www.europeana.eu/api/v2/thumbnail-by-url.json?uri=http%3A%2F%2Fwww.bacarchive.org.uk%2Ffiles%2Foriginal%2F2f0cd2d4aa53d8eb7c4319e467d40cd8.jpg&size=LARGE&type=IMAGE
Mona Lisa,"Reno, Teddy",Internet Culturale,SOUND,italy,/2059218/data_sounds_IT_DDS0000059916000100,-1,
Mona Lisa ; September song / T. Reno ; Orch. L. Luttazzi e i suoi Archi,"Reno, Teddy",Internet Culturale,SOUND,italy,/2059218/data_sounds_IT_DDS0000059916000000,-1,https://www.europeana.eu/api/v2/thumbnail-by-url.json?uri=http%3A%2F%2Fwww.internetculturale.it%2Fjmms%2Fthumbnail%3Ftype%3Dweb%26id%3Doai%253A192.168.10.31%253A22%253ARM0200%253AIT-DDS0000059916000000%26teca%3DICBSA&size=LARGE&type=SOUND
Negativ rullfilm,"Appelberg Andersson, Britta [10:01]",Vänermuseet,IMAGE,sweden,/91682/vm_objekt_7151,-1,https://www.europeana.eu/api/v2/thumbnail-by-url.json?uri=http%3A%2F%2F83.223.9.232%2Fcarlotta-vm%2Fweb%2Fimage%2Fzoom%2F328781%2Fnull&size=LARGE&type=IMAGE
"
				 Der Raub der Mona Lisa
				             ",,Filmarchiv Austria,TEXT,austria,/08603/______37________________,-1,https://www.europeana.eu/api/v2/thumbnail-by-url.json?uri=http%3A%2F%2Fold.filmarchiv.at%2Fefg%2Fthumbs%2Fcensorshipcards%2FT_00041_FAA_CEN_191031_P1.jpg&size=LARGE&type=TEXT
"Lysebu, interiør","Wilse, Anders Beer http://data.europeana.eu/agent/base/81047",Oslo Museum,IMAGE,norway,/2022608/OMU_OB_Y7684,-1,https://www.europeana.eu/api/v2/thumbnail-by-url.json?uri=http%3A%2F%2Fmm.dimu.no%2Fimage%2F022uKXe4CgKX%3Fdimension%3D800x800&size=LARGE&type=IMAGE
Tegning,"Andreassen, Arvid",Norsk Folkemuseum,IMAGE,norway,/2022608/NF_NF_2012_0382,-1,https://www.europeana.eu/api/v2/thumbnail-by-url.json?uri=http%3A%2F%2Fmm.dimu.no%2Fimage%2F02VUjFu9h6%3Fdimension%3D800x800&size=LARGE&type=IMAGE
Reproduksjon,"da Vinci, Leonardo http://data.europeana.eu/agent/base/146741","Bjerkebæk, Sigrid Undsets hjem",IMAGE,norway,/2022608/MH_B_UB_00389,-1,https://www.europeana.eu/api/v2/thumbnail-by-url.json?uri=http%3A%2F%2Fmm.dimu.no%2Fimage%2F0277k5MkU%3Fdimension%3D800x800&size=LARGE&type=IMAGE
"Kunsttryk, af Mona Lisa",,Kulturarvsstyrelsen,IMAGE,denmark,/2058618/object_KUAS_7710014,-1,https://www.europeana.eu/api/v2/thumbnail-by-url.json?uri=https%3A%2F%2Fwww.kulturarv.dk%2Fmussam%2FVisMIMEtypeobjekt.action%3FmimetypeobjektId%3D148057&size=LARGE&type=IMAGE
The Mona Lisa effect: Testing the limits of perceptual robustness vis-à-vis slanted images,Hecht Heiko Boyarskaya Evgenia Kitaoka Akiyoshi,National Library of Serbia,TEXT,serbia,/92040/BibliographicResource_3000135740219,21..,https://www.europeana.eu/api/v2/thumbnail-by-url.json?uri=http%3A%2F%2Fwww.doiserbia.nb.rs%2Fimages%2Fdoi%2F00485705_0.jpg&size=LARGE&type=TEXT
Galeria Remont. Nieznana awangarda lat siedemdziesiątych,"Urbańska, Katarzyna",Central and Eastern European Online Library,TEXT,europe,/9200418/BibliographicResource_3000125979702,-1,
Mona Lisa Oper in zwei Akten : Op. 31,Макс Шиллингс,Russian State Library,TEXT,russia,/9200474/BibliographicResource_3000149430121,-1,https://www.europeana.eu/api/v2/thumbnail-by-url.json?uri=http%3A%2F%2Fsearch.rsl.ru%2Fapi%2Fdescription%2F01004468151%2Fpage%2F1&size=LARGE&type=TEXT
"Pablo Picasso, ladrón de arte: “el caso de las estatuillas” y su papel en la fundación de la pintura moderna","Charney, Noah",Complutense University Library of Madrid,TEXT,spain,/9200102/BibliographicResource_3000095842655,21..,https://www.europeana.eu/api/v2/thumbnail-by-url.json?uri=http%3A%2F%2Frevistas.ucm.es%2Fpublic%2Fjournals%2F52%2FhomepageImage_es_ES.jpg&size=LARGE&type=TEXT
MEĐUNARODNI DAN MUZEJA,"Falout, Nada","Muzej za umjetnost i obrt, Zagreb",IMAGE,croatia,/2048053/MUO_020830,1987,https://www.europeana.eu/api/v2/thumbnail-by-url.json?uri=http%3A%2F%2Fathena.muo.hr%2Fapi%2F%3Fsemantic%3Drepresentation%26id%3D4630&size=LARGE&type=IMAGE
Mona Lisa,David Gardelle,Statens Museum for Kunst,IMAGE,denmark,/2020903/KMSB_37_106_7,-1,https://www.europeana.eu/api/v2/thumbnail-by-url.json?uri=http%3A%2F%2Fcspic.smk.dk%2Fglobus%2FGLOBUS%25202005%2Fglobus%2520juli%25202005%2FCRW_2982.jpg&size=LARGE&type=IMAGE
Ich hab mich so an dich gewöhnt - La vie en rose - In der Cafeteria von Milano - Das machen nur die Beine von Dolores - Mona Lisa - Eine weiße Hochzeitskutsche - C'est si bon - Auf Wiedersehn,,Österreichische Mediathek,SOUND,austria,/00902/14C2D120_29D_002AA_00000E80_14C1C0B9,1951,https://www.europeana.eu/api/v2/thumbnail-by-url.json?uri=http%3A%2F%2Fwww.mediathek.at%2Ftype%2Fapiimage%2Fatom%2F14C2D120-29D-002AA-00000E80-14C1C0B9&size=LARGE&type=SOUND
Leonardo: Mona Lisa (XVI. sz.),"Leonardo da Vinci ,  (painter)",National Széchényi Library - Digital Archive of Pictures,IMAGE,hungary,/2023859/_http___keptar_oszk_hu_021500_021597__,-1,https://www.europeana.eu/api/v2/thumbnail-by-url.json?uri=http%3A%2F%2Fkeptar.oszk.hu%2F021500%2F021597%2F880_kiskep.jpg&size=LARGE&type=IMAGE
Bortnyik Sándor,"Varga ,  József  (photographer)",National Széchényi Library - Digital Archive of Pictures,IMAGE,hungary,/2023859/_http___keptar_oszk_hu_019900_019940__,-1,https://www.europeana.eu/api/v2/thumbnail-by-url.json?uri=http%3A%2F%2Fkeptar.oszk.hu%2F019900%2F019940%2Fkerepesi_bortnyik_s_kiskep.jpg&size=LARGE&type=IMAGE
"Bygate, Storgata 1952-1955","Williams, Nils",FylkesFOTOarkivet i Møre og Romsdal,IMAGE,norway,/2022601/foto_detalj_http___www_sffarkiv_no_sffbasar_default_asp_p_result_ptype_single_db_dbfoto_sql_sfffoto_20__20_27FAKf_100296_187695_27,-1,https://www.europeana.eu/api/v2/thumbnail-by-url.json?uri=http%3A%2F%2Fwww.sffarkiv.no%2Fwebdb%2FfileStream.aspx%3FfileName%3Ddbfoto%255CFAKf-100296%255Ckvalitet3%255CFAKf-100296.187695.jpg&size=LARGE&type=IMAGE
Etiket Mona Lisa Toiletries,,Regionaal Archief Nijmegen,IMAGE,netherlands,/2021651/ran__detail_aspx_xmldescid_14521128,1968,https://www.europeana.eu/api/v2/thumbnail-by-url.json?uri=http%3A%2F%2Fstudiezaal.nijmegen.nl%2FHttpHandler%2Ficoon.ico%3Ficoonfromxmlbeschr%3D14521128&size=LARGE&type=IMAGE
Wikkel Savon Mona Lisa,,Regionaal Archief Nijmegen,IMAGE,netherlands,/2021651/ran__detail_aspx_xmldescid_14296690,1919,https://www.europeana.eu/api/v2/thumbnail-by-url.json?uri=http%3A%2F%2Fstudiezaal.nijmegen.nl%2FHttpHandler%2Ficoon.ico%3Ficoonfromxmlbeschr%3D14296690&size=LARGE&type=IMAGE
Wikkel  Castella Mona Lisa,,Regionaal Archief Nijmegen,IMAGE,netherlands,/2021651/ran__detail_aspx_xmldescid_14291897,1968,https://www.europeana.eu/api/v2/thumbnail-by-url.json?uri=http%3A%2F%2Fstudiezaal.nijmegen.nl%2FHttpHandler%2Ficoon.ico%3Ficoonfromxmlbeschr%3D14291897&size=LARGE&type=IMAGE
"Tekeningserie Notre Dame, Mona Lisa van de Notre Dame.",,"Rijckheyt, centrum voor regionale geschiedenis",IMAGE,netherlands,/2021666/F80A579DA2045AE6E044001A4B08D326,-1,https://www.europeana.eu/api/v2/thumbnail-by-url.json?uri=http%3A%2F%2Ffiles.archieven.nl%2Fphp%2Fget_thumb.php%3Fadt_id%3D62%26toegang%3D507%26id%3D522292103%26file%3D507-0444.JPG&size=LARGE&type=IMAGE
Mode Marianne. Fotografering gjord i anslutning till nedläggningen av Mode Mariannes hattaffär.Text finns arkivlagd om verksamhetens historia. Mona Lisa Rhodiner var ägare tiden före nedläggningen.,"Porsmyr, Anna",Sundsvalls museum,IMAGE,sweden,/91698/sm_photo_SuM_foto000634,-1,https://www.europeana.eu/api/v2/thumbnail-by-url.json?uri=http%3A%2F%2Fmm.dimu.org%2Fimage%2F012sC2iXPUpL%3Fdimension%3D1200x1200&size=LARGE&type=IMAGE
Damenporträt nach Art der Mona Lisa,"Setzer, Franz Xaver",Österreichische Nationalbibliothek - Austrian National Library,IMAGE,austria,/92060/BibliographicResource_1000126007521,1913,https://www.europeana.eu/api/v2/thumbnail-by-url.json?uri=http%3A%2F%2Fwww.bildarchivaustria.at%2FBildarchiv%2F%2FBA%2F859%2FB9323891T9323895.jpg&size=LARGE&type=IMAGE
Mona Lisa '75 ,"Groote Willink, Gerrit Jan (1946)",Deventer Musea,IMAGE,netherlands,/2021659/G0692,1975,https://www.europeana.eu/api/v2/thumbnail-by-url.json?uri=http%3A%2F%2Fwww.collectiedeventermusea.nl%2Fwwwwopacx%2Fwwwopac.ashx%3Fcommand%3Dgetcontent%26server%3Dimages%26value%3Dgemeente%2520B%255CG0692.jpg&size=LARGE&type=IMAGE
LISAO;Goudkleurige trommel met portret van Mona Lisa ,Nederlands Vereenigde blikfabriek,Deventer Musea,IMAGE,netherlands,/2021659/B0358,-1,https://www.europeana.eu/api/v2/thumbnail-by-url.json?uri=http%3A%2F%2Fwww.collectiedeventermusea.nl%2Fwwwwopacx%2Fwwwopac.ashx%3Fcommand%3Dgetcontent%26server%3Dimages%26value%3DBlik%255CB0358.jpg&size=LARGE&type=IMAGE
"The Gioconda smile Χαμόγελο της Τζοκόντας, το The Gioconda smile",Θέατρο Τέχνης Κάρολου Κουν   Αθήνα,ELIA Open Archive Initiative Repository,IMAGE,greece,/2055701/332074,-1,https://www.europeana.eu/api/v2/thumbnail-by-url.json?uri=http%3A%2F%2Feliaserver.elia.org.gr%3A8080%2FLSelia%2Fimages_View%2FTHP.65.12%2520%2802%29.jpg&size=LARGE&type=IMAGE
The Path towards Excellence Business Excellence in Swedish Dental Clinics,"Drescher Lisa 1989- , Internationella Handelshögskolan, Högskolan i Jönköping, IHH, Företagsekonomi Klemp Julia 1987- , Internationella Handelshögskolan, Högskolan i Jönköping, IHH, Företagsekonomi Lindh Oskar 1989- , Internationella Handelshögskolan, Högskolan i Jönköping, IHH, Företagsekonomi",Uppsala University,TEXT,sweden,/9200111/BibliographicResource_1000086008108,2011,
Multimedia and Purchase Intentions Web Design for Fashion E-Tailers,"Carlsson Lisa J. , Internationella Handelshögskolan, Högskolan i Jönköping, IHH, Företagsekonomi Chehimi Sara , Internationella Handelshögskolan, Högskolan i Jönköping, IHH, Företagsekonomi",Uppsala University,TEXT,sweden,/9200111/BibliographicResource_1000086007539,2011,
IFRS Implementation in Germany and the UK And its Effects on the Quality of Accounting Information from an Investor Perspective,"Bargman Daniil 1989- , Internationella Handelshögskolan, Högskolan i Jönköping, IHH, Företagsekonomi Hansmann Lisa 1987- , Internationella Handelshögskolan, Högskolan i Jönköping, IHH, Företagsekonomi",Uppsala University,TEXT,sweden,/9200111/BibliographicResource_1000086003102,2011,
"""Det är bra som det är"" - En studie om hur ungdomar konstruerar kön på en fritidsgård.","Hassellund Lisa , Karlstads universitet, Fakulteten för samhälls- och livsvetenskaper Klevbrant Josefina , Karlstads universitet, Fakulteten för samhälls- och livsvetenskaper",Uppsala University,TEXT,sweden,/9200111/BibliographicResource_1000085985986,2010,
ATT INSE SIN EGEN DÖDLIGHET En litteraturstudie om närståendes upplevelser och erfarenheter av palliativ vård,"Petersson Emelie 1986- , Växjö universitet, Institutionen för vårdvetenskap och socialt arbete Dahl Lisa 1982- , Växjö universitet, Institutionen för vårdvetenskap och socialt arbete",Uppsala University,TEXT,sweden,/9200111/BibliographicResource_1000085976922,21..,
"Röster från gräsrotsaktivister en studie av kvinnors identitetsskapande kring Coca Cola Companys etablering i byn Plachimada, Indien. Voices from Grassroots Activists a Study on Women’s Construction of Identity Related to Coca Cola Company’s Establishment in the Village of Plachimada, India.","Lagerström Lisa 1980- , Mittuniversitetet, Institutionen för socialt arbete Larsson Liv 1979- , Mittuniversitetet, Institutionen för socialt arbete",Uppsala University,TEXT,sweden,/9200111/BibliographicResource_1000085968851,21..,
Mona Lisa ler inte en undersökning av gymnasial historieundervisnings fokus,"Danielsson Malin , Högskolan Kristianstad, Enheten för lärarutbildning Hult Skoog Ida , Högskolan Kristianstad, Enheten för lärarutbildning",Uppsala University,TEXT,sweden,/9200111/BibliographicResource_1000085966910,21..,
Hur man beskriver sina nära relationer idag utifrån en upplevd trygg eller mindre trygg barndom,"Hansson Lisa , Högskolan Väst, Institutionen för individ och samhälle Möller Mona , Högskolan Väst, Institutionen för individ och samhälle",Uppsala University,TEXT,sweden,/9200111/BibliographicResource_1000085963898,2003,
"KR’PTA spår och ärrbildningar hos Johannes Heldén, Ingrid Storholmen och Anna Hallberg","Schmidt Lisa , Södertörns högskola, Institutionen för genus, kultur och historia",Uppsala University,TEXT,sweden,/9200111/BibliographicResource_1000085937028,2005,
Das Lächeln der Mona Lisa / Kurt Tucholsky,,Universitäts- und Landesbibliothek Düsseldorf,TEXT,germany,/09428/urn_nbn_de_hbz_061_1_4239,1929,https://www.europeana.eu/api/v2/thumbnail-by-url.json?uri=http%3A%2F%2Fdigital.ub.uni-duesseldorf.de%2Fdownload%2Fwebcache%2F1000%2F170346&size=LARGE&type=TEXT
Mona Lisa : Oper in zwei Akten; op. 31,"Dovsky, Beatrice",Württembergische Landesbibliothek Stuttgart,TEXT,germany,/09428/urn_nbn_de_bsz_24_digibib_bsz3270203857,20..,https://www.europeana.eu/api/v2/thumbnail-by-url.json?uri=http%3A%2F%2Fdigital.wlb-stuttgart.de%2Ffilegroups%2Fschimona_327020385%2Fdefault%2F00000001.jpg&size=LARGE&type=TEXT
A Mona Lisa mosolya,"Huxley, Aldous Leonard  (1894-1963)",Petőfi Irodalmi Múzeum,IMAGE,hungary,/2032011/_Pet_fi_Irodalmi_______________________M_zeum_opac_pim_hu_object_1779343,-1,https://www.europeana.eu/api/v2/thumbnail-by-url.json?uri=http%3A%2F%2Fresolver.pim.hu%2Fopac.pim.hu_object_1779343_resourceRepresentation_175093-18004&size=LARGE&type=IMAGE
Mona Lisa + Heilige Hiëronymus,"Poth, Uwe (1946)  tekenaar",Teylers Museum,IMAGE,netherlands,/2021618/internetserver_Details_kunst_38084,-1,
Mona Lisa,"Calamatta, Luigi (1801-1869) Leonardo da Vinci (1452 - 1519)  graveur  inventor http://data.europeana.eu/agent/base/103195 http://data.europeana.eu/agent/base/6 http://data.europeana.eu/agent/base/94182 http://data.europeana.eu/agent/base/146741",Teylers Museum,IMAGE,netherlands,/2021618/internetserver_Details_kunst_25027,-1,https://www.europeana.eu/api/v2/thumbnail-by-url.json?uri=http%3A%2F%2Fteylers.adlibhosting.com%2Fwwwopacx%2Fwwwopac.ashx%3Fcommand%3Dgetcontent%26server%3Dimages%26value%3DTvB%2520G%25203674.jpg&size=LARGE&type=IMAGE
A Mona Lisa mosoly,Vígszínház Keleti Éva,"Országos Színháztörténeti Múzeum és Intézet (Hungarian Theatre Museum and Institute), OSZMI",IMAGE,hungary,/2022111/urn_axmedis_00000_obj_e519167b_8472_4a93_af10_beea1864db79,-1,https://www.europeana.eu/api/v2/thumbnail-by-url.json?uri=http%3A%2F%2Fbpfe.eclap.eu%2Feclap%2Fmediumgif%2Fe%2Furn_axmedis_00000_obj_e519167b-8472-4a93-af10-beea1864db79.gif&size=LARGE&type=IMAGE
A Mona Lisa mosoly,Vígszínház Keleti Éva,"Országos Színháztörténeti Múzeum és Intézet (Hungarian Theatre Museum and Institute), OSZMI",IMAGE,hungary,/2022111/urn_axmedis_00000_obj_b32d1e11_7cf0_493b_b5d9_ef3f2c6fed39,-1,https://www.europeana.eu/api/v2/thumbnail-by-url.json?uri=http%3A%2F%2Fbpfe.eclap.eu%2Feclap%2Fmediumgif%2Fb%2Furn_axmedis_00000_obj_b32d1e11-7cf0-493b-b5d9-ef3f2c6fed39.gif&size=LARGE&type=IMAGE
A Mona Lisa mosoly,Vígszínház Keleti Éva,"Országos Színháztörténeti Múzeum és Intézet (Hungarian Theatre Museum and Institute), OSZMI",IMAGE,hungary,/2022111/urn_axmedis_00000_obj_a829f0b4_2ae5_4662_83ef_2fee661b648a,-1,https://www.europeana.eu/api/v2/thumbnail-by-url.json?uri=http%3A%2F%2Fbpfe.eclap.eu%2Feclap%2Fmediumgif%2Fa%2Furn_axmedis_00000_obj_a829f0b4-2ae5-4662-83ef-2fee661b648a.gif&size=LARGE&type=IMAGE
A Mona Lisa mosoly,Vígszínház Keleti Éva,"Országos Színháztörténeti Múzeum és Intézet (Hungarian Theatre Museum and Institute), OSZMI",IMAGE,hungary,/2022111/urn_axmedis_00000_obj_9a25f9f8_d2d8_46cc_a1a7_f3047ce02fc8,-1,https://www.europeana.eu/api/v2/thumbnail-by-url.json?uri=http%3A%2F%2Fbpfe.eclap.eu%2Feclap%2Fmediumgif%2F9%2Furn_axmedis_00000_obj_9a25f9f8-d2d8-46cc-a1a7-f3047ce02fc8.gif&size=LARGE&type=IMAGE
A Mona Lisa mosoly,Vígszínház Keleti Éva,"Országos Színháztörténeti Múzeum és Intézet (Hungarian Theatre Museum and Institute), OSZMI",IMAGE,hungary,/2022111/urn_axmedis_00000_obj_8402dc1e_f867_4917_b88a_b0fa97ce8127,-1,https://www.europeana.eu/api/v2/thumbnail-by-url.json?uri=http%3A%2F%2Fbpfe.eclap.eu%2Feclap%2Fmediumgif%2F8%2Furn_axmedis_00000_obj_8402dc1e-f867-4917-b88a-b0fa97ce8127.gif&size=LARGE&type=IMAGE
A Mona Lisa mosoly,Vígszínház Keleti Éva,"Országos Színháztörténeti Múzeum és Intézet (Hungarian Theatre Museum and Institute), OSZMI",IMAGE,hungary,/2022111/urn_axmedis_00000_obj_6e095e2a_614f_418d_a64f_39ddba2a9bd6,-1,https://www.europeana.eu/api/v2/thumbnail-by-url.json?uri=http%3A%2F%2Fbpfe.eclap.eu%2Feclap%2Fmediumgif%2F6%2Furn_axmedis_00000_obj_6e095e2a-614f-418d-a64f-39ddba2a9bd6.gif&size=LARGE&type=IMAGE
A Mona Lisa mosoly,Vígszínház Keleti Éva,"Országos Színháztörténeti Múzeum és Intézet (Hungarian Theatre Museum and Institute), OSZMI",IMAGE,hungary,/2022111/urn_axmedis_00000_obj_6756ab0c_1ed6_438f_aac5_f586ed8978c2,-1,https://www.europeana.eu/api/v2/thumbnail-by-url.json?uri=http%3A%2F%2Fbpfe.eclap.eu%2Feclap%2Fmediumgif%2F6%2Furn_axmedis_00000_obj_6756ab0c-1ed6-438f-aac5-f586ed8978c2.gif&size=LARGE&type=IMAGE
A Mona Lisa mosoly,Vígszínház Keleti Éva,"Országos Színháztörténeti Múzeum és Intézet (Hungarian Theatre Museum and Institute), OSZMI",IMAGE,hungary,/2022111/urn_axmedis_00000_obj_67403d37_1d71_4d62_8290_b6832b0ac7c6,-1,https://www.europeana.eu/api/v2/thumbnail-by-url.json?uri=http%3A%2F%2Fbpfe.eclap.eu%2Feclap%2Fmediumgif%2F6%2Furn_axmedis_00000_obj_67403d37-1d71-4d62-8290-b6832b0ac7c6.gif&size=LARGE&type=IMAGE
A Mona Lisa mosoly,Vígszínház Keleti Éva,"Országos Színháztörténeti Múzeum és Intézet (Hungarian Theatre Museum and Institute), OSZMI",IMAGE,hungary,/2022111/urn_axmedis_00000_obj_672d222e_44bc_4e5d_99e8_b742c2fdeda2,-1,https://www.europeana.eu/api/v2/thumbnail-by-url.json?uri=http%3A%2F%2Fbpfe.eclap.eu%2Feclap%2Fmediumgif%2F6%2Furn_axmedis_00000_obj_672d222e-44bc-4e5d-99e8-b742c2fdeda2.gif&size=LARGE&type=IMAGE
A Mona Lisa mosoly,Vígszínház Keleti Éva,"Országos Színháztörténeti Múzeum és Intézet (Hungarian Theatre Museum and Institute), OSZMI",IMAGE,hungary,/2022111/urn_axmedis_00000_obj_620e7e26_6040_487d_8084_40e3498a9ad2,-1,https://www.europeana.eu/api/v2/thumbnail-by-url.json?uri=http%3A%2F%2Fbpfe.eclap.eu%2Feclap%2Fmediumgif%2F6%2Furn_axmedis_00000_obj_620e7e26-6040-487d-8084-40e3498a9ad2.gif&size=LARGE&type=IMAGE
A Mona Lisa mosoly,Vígszínház Keleti Éva,"Országos Színháztörténeti Múzeum és Intézet (Hungarian Theatre Museum and Institute), OSZMI",IMAGE,hungary,/2022111/urn_axmedis_00000_obj_33a006d6_336c_4dc3_9515_7be5ca2aa4fd,-1,https://www.europeana.eu/api/v2/thumbnail-by-url.json?uri=http%3A%2F%2Fbpfe.eclap.eu%2Feclap%2Fmediumgif%2F3%2Furn_axmedis_00000_obj_33a006d6-336c-4dc3-9515-7be5ca2aa4fd.gif&size=LARGE&type=IMAGE
A Mona Lisa mosolya,Molnár Zsófi,"Országos Színháztörténeti Múzeum és Intézet (Hungarian Theatre Museum and Institute), OSZMI",TEXT,hungary,/2022111/urn_axmedis_00000_obj_137f9fab_c097_40a7_9a0d_a569c9746052,-1,https://www.europeana.eu/api/v2/thumbnail-by-url.json?uri=http%3A%2F%2Fbpfe.eclap.eu%2Feclap%2Fmediumgif%2F1%2Furn_axmedis_00000_obj_137f9fab-c097-40a7-9a0d-a569c9746052.gif&size=LARGE&type=TEXT
A Mona Lisa mosoly,Vígszínház Keleti Éva,"Országos Színháztörténeti Múzeum és Intézet (Hungarian Theatre Museum and Institute), OSZMI",IMAGE,hungary,/2022111/urn_axmedis_00000_obj_0dbc2abb_c94f_4828_9133_0157323b1315,-1,https://www.europeana.eu/api/v2/thumbnail-by-url.json?uri=http%3A%2F%2Fbpfe.eclap.eu%2Feclap%2Fmediumgif%2F0%2Furn_axmedis_00000_obj_0dbc2abb-c94f-4828-9133-0157323b1315.gif&size=LARGE&type=IMAGE
A Mona Lisa mosoly,Vígszínház Keleti Éva,"Országos Színháztörténeti Múzeum és Intézet (Hungarian Theatre Museum and Institute), OSZMI",IMAGE,hungary,/2022111/urn_axmedis_00000_obj_064fd793_59b9_40cd_bd34_e4cc7c4769db,-1,https://www.europeana.eu/api/v2/thumbnail-by-url.json?uri=http%3A%2F%2Fbpfe.eclap.eu%2Feclap%2Fmediumgif%2F0%2Furn_axmedis_00000_obj_064fd793-59b9-40cd-bd34-e4cc7c4769db.gif&size=LARGE&type=IMAGE
gouache,"Joods Historisch Museum [Publication] Salomon, Charlotte1917-04-16=1943-09-21 [Create]","Joods Historisch Museum, Amsterdam",IMAGE,netherlands,/09313/DD06EE3F41BD3CDE72651CBD6F1C3156482F64D4,-1,https://www.europeana.eu/api/v2/thumbnail-by-url.json?uri=http%3A%2F%2Fcollectie.jhm.nl%2Fbeeld%2Fd047%2F047B023.jpg&size=LARGE&type=IMAGE
"Codex Atlanticus, 864r. - An eye resembling that of the Mona Lisa and a study for the Medicean quarter in Florence: ""balls (Palazzo Medici), (San) Giovannino"", c. 1515. Codice Atlantico, 864r. - Un occhio simile a quello della Gioconda e studio per il quartiere mediceo in Firenze: ""palle (Palazzo Medici), (San) Giovannino"", c. 1515.",,Museo Galileo - Istituto e Museo di Storia della Scienza,IMAGE,italy,/02302/urn_imss_image_034753,21..,https://www.europeana.eu/api/v2/thumbnail-by-url.json?uri=http%3A%2F%2Fvitruvio.imss.fi.it%2Ffoto%2Fisd%2Fav%2Fca_0864r_300.jpg&size=LARGE&type=IMAGE
